{
  "caption": "put the lid on the pan",
  "actions_shape": [
    31,
    8
  ],
  "non_padding_steps": 31,
  "padding_value": -5.0,
  "history_length": 31,
  "actions": [
    [
      0.3614572286605835,
      -0.05088871717453003,
      -0.2641141414642334,
      0.0248488187789917,
      0.04309868812561035,
      -0.061882853507995605,
      -0.08726471662521362,
      0.0
    ],
    [
      0.3849353790283203,
      -0.052681922912597656,
      -0.2517085075378418,
      0.0002142190933227539,
      0.11597657203674316,
      -0.014280140399932861,
      -0.16510683298110962,
      0.0
    ],
    [
      0.3967154026031494,
      -0.0131111741065979,
      -0.2287062406539917,
      0.01869678497314453,
      0.13498401641845703,
      0.022258400917053223,
      -0.184594988822937,
      0.0
    ],
    [
      0.3944387435913086,
      0.005896210670471191,
      -0.18972283601760864,
      0.049539804458618164,
      0.12442481517791748,
      0.010982990264892578,
      -0.17581462860107422,
      0.0
    ],
    [
      0.38358116149902344,
      -0.012428224086761475,
      -0.14809703826904297,
      0.03234219551086426,
      0.1372150182723999,
      0.022677302360534668,
      -0.18930834531784058,
      0.0
    ],
    [
      0.36079084873199463,
      0.06573784351348877,
      -0.09651416540145874,
      0.09471917152404785,
      0.061081528663635254,
      0.03137505054473877,
      -0.113392174243927,
      0.0
    ],
    [
      0.2582740783691406,
      0.0221174955368042,
      -0.1826021671295166,
      0.07389819622039795,
      0.05892801284790039,
      -0.022669553756713867,
      -0.09942001104354858,
      0.0
    ],
    [
      0.2599480152130127,
      0.015097498893737793,
      -0.16100269556045532,
      0.07696187496185303,
      0.04895293712615967,
      -0.034329771995544434,
      -0.07738602161407471,
      0.0
    ],
    [
      0.2569410800933838,
      0.021473407745361328,
      -0.13445943593978882,
      0.07477664947509766,
      0.03448975086212158,
      -0.02312988042831421,
      -0.05304551124572754,
      0.0
    ],
    [
      0.24861204624176025,
      0.0236356258392334,
      -0.10355299711227417,
      0.07112443447113037,
      0.022347331047058105,
      -0.015159070491790771,
      -0.030771315097808838,
      0.0
    ],
    [
      0.23483121395111084,
      0.022189617156982422,
      -0.06857562065124512,
      0.07189667224884033,
      0.01171576976776123,
      -0.01740419864654541,
      -0.01005023717880249,
      0.0
    ],
    [
      0.21609973907470703,
      0.020995497703552246,
      -0.02978813648223877,
      0.07295572757720947,
      0.0017254352569580078,
      -0.019809484481811523,
      0.009461164474487305,
      0.0
    ],
    [
      0.1928539276123047,
      0.021060466766357422,
      0.012494683265686035,
      0.07253849506378174,
      -0.008084774017333984,
      -0.018854379653930664,
      0.02806997299194336,
      0.0
    ],
    [
      0.16529345512390137,
      0.02129507064819336,
      0.05784785747528076,
      0.07179653644561768,
      -0.017295897006988525,
      -0.017342448234558105,
      0.04544723033905029,
      0.0
    ],
    [
      0.13364815711975098,
      0.021144747734069824,
      0.10579061508178711,
      0.0714426040649414,
      -0.02545642852783203,
      -0.016851425170898438,
      0.06115841865539551,
      0.0
    ],
    [
      0.09825146198272705,
      0.020880818367004395,
      0.1558070182800293,
      0.07137453556060791,
      -0.0325777530670166,
      -0.016910970211029053,
      0.07507848739624023,
      0.0
    ],
    [
      0.09825146198272705,
      0.020880818367004395,
      0.1558070182800293,
      0.07137453556060791,
      -0.0325777530670166,
      -0.016910970211029053,
      0.07507848739624023,
      0.0
    ],
    [
      0.09825146198272705,
      0.020880818367004395,
      0.1558070182800293,
      0.07137453556060791,
      -0.0325777530670166,
      -0.016910970211029053,
      0.07507848739624023,
      0.0
    ],
    [
      0.09825146198272705,
      0.020880818367004395,
      0.1558070182800293,
      0.07137453556060791,
      -0.0325777530670166,
      -0.016910970211029053,
      0.07507848739624023,
      0.0
    ],
    [
      0.09825146198272705,
      0.020880818367004395,
      0.1558070182800293,
      0.07137453556060791,
      -0.0325777530670166,
      -0.016910970211029053,
      0.07507848739624023,
      0.0
    ],
    [
      0.09825146198272705,
      0.020880818367004395,
      0.1558070182800293,
      0.07137453556060791,
      -0.0325777530670166,
      -0.016910970211029053,
      0.07507848739624023,
      0.0
    ],
    [
      0.09825146198272705,
      0.020880818367004395,
      0.1558070182800293,
      0.07137453556060791,
      -0.0325777530670166,
      -0.016910970211029053,
      0.07507848739624023,
      0.0
    ],
    [
      0.09825146198272705,
      0.020880818367004395,
      0.1558070182800293,
      0.07137453556060791,
      -0.0325777530670166,
      -0.016910970211029053,
      0.07507848739624023,
      0.0
    ],
    [
      0.09825146198272705,
      0.020880818367004395,
      0.1558070182800293,
      0.07137453556060791,
      -0.0325777530670166,
      -0.016910970211029053,
      0.07507848739624023,
      0.0
    ],
    [
      0.09825146198272705,
      0.020880818367004395,
      0.1558070182800293,
      0.07137453556060791,
      -0.0325777530670166,
      -0.016910970211029053,
      0.07507848739624023,
      0.0
    ],
    [
      0.09825146198272705,
      0.020880818367004395,
      0.1558070182800293,
      0.07137453556060791,
      -0.0325777530670166,
      -0.016910970211029053,
      0.07507848739624023,
      0.0
    ],
    [
      0.09825146198272705,
      0.020880818367004395,
      0.1558070182800293,
      0.07137453556060791,
      -0.0325777530670166,
      -0.016910970211029053,
      0.07507848739624023,
      0.0
    ],
    [
      0.09825146198272705,
      0.020880818367004395,
      0.1558070182800293,
      0.07137453556060791,
      -0.0325777530670166,
      -0.016910970211029053,
      0.07507848739624023,
      0.0
    ],
    [
      0.09825146198272705,
      0.020880818367004395,
      0.1558070182800293,
      0.07137453556060791,
      -0.0325777530670166,
      -0.016910970211029053,
      0.07507848739624023,
      0.0
    ],
    [
      0.09825146198272705,
      0.020880818367004395,
      0.1558070182800293,
      0.07137453556060791,
      -0.0325777530670166,
      -0.016910970211029053,
      0.07507848739624023,
      0.0
    ],
    [
      0.09825146198272705,
      0.020880818367004395,
      0.1558070182800293,
      0.07137453556060791,
      -0.0325777530670166,
      -0.016910970211029053,
      0.07507848739624023,
      0.0
    ]
  ],
  "ext_image": "cotrain_examples/example_5_ext.png",
  "wrist_image": "cotrain_examples/example_5_wrist.png",
  "timestep_in_episode": 358,
  "episode_length": 359
}