{
  "caption": "put the marker in the mug",
  "actions_shape": [
    31,
    8
  ],
  "non_padding_steps": 31,
  "padding_value": -5.0,
  "history_length": 31,
  "actions": [
    [
      -0.14171689748764038,
      -0.34577441215515137,
      0.38900840282440186,
      0.059047579765319824,
      0.770221471786499,
      -0.06885939836502075,
      -0.46154701709747314,
      0.0
    ],
    [
      -0.43768376111984253,
      0.04115498065948486,
      0.13225388526916504,
      -0.018107235431671143,
      0.4092334508895874,
      0.36430490016937256,
      -0.5618884563446045,
      0.0
    ],
    [
      -0.45865553617477417,
      0.0435028076171875,
      0.001688241958618164,
      0.08783674240112305,
      0.3044501543045044,
      0.18922710418701172,
      -0.5246706008911133,
      0.0
    ],
    [
      -0.38720422983169556,
      0.04224061965942383,
      -0.03234982490539551,
      0.21043407917022705,
      0.21382403373718262,
      0.02061295509338379,
      -0.39997416734695435,
      0.0
    ],
    [
      -0.2765740752220154,
      0.2118309736251831,
      -0.0829235315322876,
      0.20008957386016846,
      0.026711702346801758,
      0.17520666122436523,
      -0.2169957160949707,
      0.0
    ],
    [
      -0.11550778150558472,
      0.2125610113143921,
      -0.055381953716278076,
      0.16296076774597168,
      -0.02715158462524414,
      0.19470715522766113,
      -0.054976046085357666,
      0.0
    ],
    [
      0.10891580581665039,
      0.34129106998443604,
      -0.09760278463363647,
      0.2824246883392334,
      -0.15619748830795288,
      0.11860370635986328,
      0.12640416622161865,
      0.0
    ],
    [
      -0.1239473819732666,
      0.2077040672302246,
      -0.08799707889556885,
      0.18998074531555176,
      0.0034366846084594727,
      0.02647686004638672,
      -0.11297476291656494,
      0.0
    ],
    [
      0.026805996894836426,
      0.28731000423431396,
      -0.24692565202713013,
      0.22026753425598145,
      -0.2269335389137268,
      -0.0077095627784729,
      0.07656002044677734,
      0.0
    ],
    [
      -0.016123652458190918,
      0.25684237480163574,
      -0.2833160161972046,
      0.16203737258911133,
      -0.23618733882904053,
      -0.01697605848312378,
      0.05894148349761963,
      0.0
    ],
    [
      0.24620211124420166,
      0.48053479194641113,
      -0.36378467082977295,
      0.33410048484802246,
      -0.4335963726043701,
      -0.06309455633163452,
      0.24523985385894775,
      1.0
    ],
    [
      -0.2705959677696228,
      -0.09743177890777588,
      -0.06309068202972412,
      -0.212610125541687,
      0.10033142566680908,
      0.12979400157928467,
      -0.16140151023864746,
      1.0
    ],
    [
      -0.09203958511352539,
      -0.033931612968444824,
      0.01369619369506836,
      0.14183735847473145,
      0.14978516101837158,
      -0.21872246265411377,
      -0.11086803674697876,
      1.0
    ],
    [
      0.16792356967926025,
      -0.00716012716293335,
      0.12655198574066162,
      -0.015101253986358643,
      0.022578716278076172,
      0.012174367904663086,
      0.17664504051208496,
      1.0
    ],
    [
      0.08474791049957275,
      -0.07616597414016724,
      0.08857870101928711,
      0.016553521156311035,
      0.023335576057434082,
      -0.057561516761779785,
      0.019976377487182617,
      1.0
    ],
    [
      -0.15630149841308594,
      -0.27337324619293213,
      -0.058087706565856934,
      0.004696369171142578,
      0.31716883182525635,
      -0.16166549921035767,
      -0.4440864324569702,
      1.0
    ],
    [
      -0.14125007390975952,
      -0.18170946836471558,
      -0.1464899778366089,
      -0.020767152309417725,
      0.22231554985046387,
      -0.022233963012695312,
      -0.39406055212020874,
      1.0
    ],
    [
      -0.08784228563308716,
      -0.36288726329803467,
      -0.1668492555618286,
      -0.09606987237930298,
      0.5385278463363647,
      -0.022023558616638184,
      -0.513447642326355,
      0.0
    ],
    [
      -0.0016103386878967285,
      -0.25244712829589844,
      -0.025478661060333252,
      0.058141112327575684,
      0.46095776557922363,
      -0.06456023454666138,
      -0.3029177784919739,
      0.0
    ],
    [
      0.030480265617370605,
      0.08770442008972168,
      0.12182414531707764,
      0.08630025386810303,
      0.06933116912841797,
      0.204856276512146,
      0.06171917915344238,
      0.0
    ],
    [
      -0.018732190132141113,
      0.10130810737609863,
      -0.009050190448760986,
      0.04447293281555176,
      0.06883800029754639,
      0.20630860328674316,
      -0.027840614318847656,
      0.0
    ],
    [
      -0.10681545734405518,
      0.05079531669616699,
      -0.12615293264389038,
      0.13862407207489014,
      0.1624891757965088,
      -0.007982492446899414,
      -0.19912445545196533,
      0.0
    ],
    [
      -0.14071351289749146,
      -0.0378074049949646,
      -0.1378231644630432,
      0.11070144176483154,
      0.24900507926940918,
      -0.06349647045135498,
      -0.27422916889190674,
      0.0
    ],
    [
      -0.02299487590789795,
      0.019715070724487305,
      -0.054495036602020264,
      0.06714522838592529,
      0.15804719924926758,
      0.04184842109680176,
      -0.09482055902481079,
      0.0
    ],
    [
      0.039412617683410645,
      0.0397489070892334,
      -0.0025403499603271484,
      0.08046507835388184,
      0.12585711479187012,
      0.02518761157989502,
      -0.02443861961364746,
      0.0
    ],
    [
      0.056210994720458984,
      0.08312225341796875,
      -0.01564657688140869,
      0.14588630199432373,
      0.08448779582977295,
      -0.0029807686805725098,
      -0.0013356208801269531,
      0.0
    ],
    [
      -0.01123058795928955,
      0.11486494541168213,
      -0.09258490800857544,
      0.18849098682403564,
      0.07629871368408203,
      -0.03401625156402588,
      -0.06141197681427002,
      0.0
    ],
    [
      0.11225724220275879,
      0.3906029462814331,
      -0.24854958057403564,
      0.3409457206726074,
      -0.1837199330329895,
      0.02340388298034668,
      0.10652613639831543,
      0.0
    ],
    [
      0.09630918502807617,
      0.3069418668746948,
      -0.22532355785369873,
      0.1931699514389038,
      -0.11719399690628052,
      0.09207260608673096,
      0.08834981918334961,
      0.0
    ],
    [
      -0.6865935325622559,
      -0.3173508048057556,
      -0.20017576217651367,
      0.34866631031036377,
      0.5551832914352417,
      -0.7918815612792969,
      -0.8127099275588989,
      0.0
    ],
    [
      -0.054621219635009766,
      0.26664817333221436,
      -0.15243208408355713,
      0.5131329298019409,
      -0.012607216835021973,
      -0.3558441400527954,
      -0.03896498680114746,
      0.0
    ]
  ],
  "ext_image": "cotrain_examples/example_1_ext.png",
  "wrist_image": "cotrain_examples/example_1_wrist.png",
  "timestep_in_episode": 154,
  "episode_length": 310
}