{
  "caption": "put the marker in the mug",
  "actions_shape": [
    31,
    8
  ],
  "non_padding_steps": 31,
  "padding_value": -5.0,
  "history_length": 31,
  "actions": [
    [
      0.0998234748840332,
      0.32507145404815674,
      0.02234041690826416,
      0.31030046939849854,
      -0.004952907562255859,
      -0.10217404365539551,
      -0.20754152536392212,
      1.0
    ],
    [
      0.07540631294250488,
      0.5134176015853882,
      -0.06639236211776733,
      0.35373151302337646,
      0.04870188236236572,
      0.15224182605743408,
      -0.21843022108078003,
      1.0
    ],
    [
      0.1143561601638794,
      0.682935357093811,
      -0.08069968223571777,
      0.4907650947570801,
      0.18448567390441895,
      0.11898159980773926,
      -0.18976342678070068,
      1.0
    ],
    [
      0.14347875118255615,
      0.697858452796936,
      -0.04111546277999878,
      0.5553175210952759,
      0.24368739128112793,
      0.01550149917602539,
      -0.16806429624557495,
      1.0
    ],
    [
      0.16903364658355713,
      0.8524183034896851,
      -0.05938124656677246,
      0.6374576091766357,
      0.3906153440475464,
      0.08558785915374756,
      -0.26111841201782227,
      1.0
    ],
    [
      0.16383206844329834,
      1.1092092990875244,
      -0.02681630849838257,
      0.7292830944061279,
      0.5086015462875366,
      0.19279229640960693,
      -0.2877326011657715,
      1.0
    ],
    [
      0.16482043266296387,
      1.014439582824707,
      -0.01446622610092163,
      0.6902745962142944,
      0.3911476135253906,
      0.046170830726623535,
      -0.1851426362991333,
      1.0
    ],
    [
      0.16908645629882812,
      0.8205111026763916,
      -0.05920535326004028,
      0.5554242134094238,
      0.25329506397247314,
      -0.08189034461975098,
      -0.1307165026664734,
      0.0
    ],
    [
      0.16924548149108887,
      0.6270262002944946,
      -0.06944257020950317,
      0.5155465602874756,
      0.21365058422088623,
      -0.23982328176498413,
      -0.14013832807540894,
      0.0
    ],
    [
      0.1384875774383545,
      0.629459023475647,
      -0.11256027221679688,
      0.4919220209121704,
      0.2263479232788086,
      -0.16897261142730713,
      -0.20021754503250122,
      0.0
    ],
    [
      0.126214861869812,
      0.43804943561553955,
      -0.15631860494613647,
      0.27121496200561523,
      0.14187753200531006,
      -0.08687353134155273,
      -0.18143737316131592,
      0.0
    ],
    [
      0.03122544288635254,
      0.06714165210723877,
      -0.17002636194229126,
      0.17935049533843994,
      -0.005221307277679443,
      -0.360850989818573,
      -0.1008419394493103,
      0.0
    ],
    [
      -0.06152075529098511,
      -0.16460824012756348,
      -0.03711038827896118,
      0.1696871519088745,
      -0.10740703344345093,
      -0.5428646802902222,
      0.020154833793640137,
      0.0
    ],
    [
      -0.03269457817077637,
      -0.15847408771514893,
      0.09753072261810303,
      -0.010738015174865723,
      -0.07105666399002075,
      -0.11712026596069336,
      0.11017978191375732,
      0.0
    ],
    [
      -0.16448622941970825,
      -0.3133541941642761,
      0.10333311557769775,
      -0.3103918433189392,
      -0.10216313600540161,
      0.46013402938842773,
      0.17361509799957275,
      0.0
    ],
    [
      0.015174150466918945,
      0.02183663845062256,
      -0.005723118782043457,
      0.07274746894836426,
      -0.0032765865325927734,
      -0.018555283546447754,
      0.018772244453430176,
      0.0
    ],
    [
      0.015174150466918945,
      0.02183663845062256,
      -0.005723118782043457,
      0.07274746894836426,
      -0.0032765865325927734,
      -0.018555283546447754,
      0.018772244453430176,
      0.0
    ],
    [
      0.015174150466918945,
      0.02183663845062256,
      -0.005723118782043457,
      0.07274746894836426,
      -0.0032765865325927734,
      -0.018555283546447754,
      0.018772244453430176,
      0.0
    ],
    [
      0.015174150466918945,
      0.02183663845062256,
      -0.005723118782043457,
      0.07274746894836426,
      -0.0032765865325927734,
      -0.018555283546447754,
      0.018772244453430176,
      0.0
    ],
    [
      0.015174150466918945,
      0.02183663845062256,
      -0.005723118782043457,
      0.07274746894836426,
      -0.0032765865325927734,
      -0.018555283546447754,
      0.018772244453430176,
      0.0
    ],
    [
      0.015174150466918945,
      0.02183663845062256,
      -0.005723118782043457,
      0.07274746894836426,
      -0.0032765865325927734,
      -0.018555283546447754,
      0.018772244453430176,
      0.0
    ],
    [
      0.015174150466918945,
      0.02183663845062256,
      -0.005723118782043457,
      0.07274746894836426,
      -0.0032765865325927734,
      -0.018555283546447754,
      0.018772244453430176,
      0.0
    ],
    [
      0.015174150466918945,
      0.02183663845062256,
      -0.005723118782043457,
      0.07274746894836426,
      -0.0032765865325927734,
      -0.018555283546447754,
      0.018772244453430176,
      0.0
    ],
    [
      0.015174150466918945,
      0.02183663845062256,
      -0.005723118782043457,
      0.07274746894836426,
      -0.0032765865325927734,
      -0.018555283546447754,
      0.018772244453430176,
      0.0
    ],
    [
      0.015174150466918945,
      0.02183663845062256,
      -0.005723118782043457,
      0.07274746894836426,
      -0.0032765865325927734,
      -0.018555283546447754,
      0.018772244453430176,
      0.0
    ],
    [
      0.015174150466918945,
      0.02183663845062256,
      -0.005723118782043457,
      0.07274746894836426,
      -0.0032765865325927734,
      -0.018555283546447754,
      0.018772244453430176,
      0.0
    ],
    [
      0.015174150466918945,
      0.02183663845062256,
      -0.005723118782043457,
      0.07274746894836426,
      -0.0032765865325927734,
      -0.018555283546447754,
      0.018772244453430176,
      0.0
    ],
    [
      0.015174150466918945,
      0.02183663845062256,
      -0.005723118782043457,
      0.07274746894836426,
      -0.0032765865325927734,
      -0.018555283546447754,
      0.018772244453430176,
      0.0
    ],
    [
      0.015174150466918945,
      0.02183663845062256,
      -0.005723118782043457,
      0.07274746894836426,
      -0.0032765865325927734,
      -0.018555283546447754,
      0.018772244453430176,
      0.0
    ],
    [
      0.015174150466918945,
      0.02183663845062256,
      -0.005723118782043457,
      0.07274746894836426,
      -0.0032765865325927734,
      -0.018555283546447754,
      0.018772244453430176,
      0.0
    ],
    [
      0.015174150466918945,
      0.02183663845062256,
      -0.005723118782043457,
      0.07274746894836426,
      -0.0032765865325927734,
      -0.018555283546447754,
      0.018772244453430176,
      0.0
    ]
  ],
  "ext_image": "cotrain_examples/example_8_ext.png",
  "wrist_image": "cotrain_examples/example_8_wrist.png",
  "timestep_in_episode": 94,
  "episode_length": 95
}