{
  "caption": "put the marker in the mug",
  "actions_shape": [
    31,
    8
  ],
  "non_padding_steps": 31,
  "padding_value": -5.0,
  "history_length": 31,
  "actions": [
    [
      0.014374375343322754,
      0.021504759788513184,
      -0.005445659160614014,
      0.07245635986328125,
      -0.003145575523376465,
      -0.018611252307891846,
      0.018427610397338867,
      0.0
    ],
    [
      0.014374375343322754,
      0.021504759788513184,
      -0.005445659160614014,
      0.07245635986328125,
      -0.003145575523376465,
      -0.018611252307891846,
      0.018427610397338867,
      0.0
    ],
    [
      0.014374375343322754,
      0.021504759788513184,
      -0.005445659160614014,
      0.07245635986328125,
      -0.003145575523376465,
      -0.018611252307891846,
      0.018427610397338867,
      0.0
    ],
    [
      0.014374375343322754,
      0.021504759788513184,
      -0.005445659160614014,
      0.07245635986328125,
      -0.003145575523376465,
      -0.018611252307891846,
      0.018427610397338867,
      0.0
    ],
    [
      0.014374375343322754,
      0.021504759788513184,
      -0.005445659160614014,
      0.07245635986328125,
      -0.003145575523376465,
      -0.018611252307891846,
      0.018427610397338867,
      0.0
    ],
    [
      0.014374375343322754,
      0.021504759788513184,
      -0.005445659160614014,
      0.07245635986328125,
      -0.003145575523376465,
      -0.018611252307891846,
      0.018427610397338867,
      0.0
    ],
    [
      0.014374375343322754,
      0.021504759788513184,
      -0.005445659160614014,
      0.07245635986328125,
      -0.003145575523376465,
      -0.018611252307891846,
      0.018427610397338867,
      0.0
    ],
    [
      0.014374375343322754,
      0.021504759788513184,
      -0.005445659160614014,
      0.07245635986328125,
      -0.003145575523376465,
      -0.018611252307891846,
      0.018427610397338867,
      0.0
    ],
    [
      0.014374375343322754,
      0.021504759788513184,
      -0.005445659160614014,
      0.07245635986328125,
      -0.003145575523376465,
      -0.018611252307891846,
      0.018427610397338867,
      0.0
    ],
    [
      0.014374375343322754,
      0.021504759788513184,
      -0.005445659160614014,
      0.07245635986328125,
      -0.003145575523376465,
      -0.018611252307891846,
      0.018427610397338867,
      0.0
    ],
    [
      0.014374375343322754,
      0.021504759788513184,
      -0.005445659160614014,
      0.07245635986328125,
      -0.003145575523376465,
      -0.018611252307891846,
      0.018427610397338867,
      0.0
    ],
    [
      0.014374375343322754,
      0.021504759788513184,
      -0.005445659160614014,
      0.07245635986328125,
      -0.003145575523376465,
      -0.018611252307891846,
      0.018427610397338867,
      0.0
    ],
    [
      0.014374375343322754,
      0.021504759788513184,
      -0.005445659160614014,
      0.07245635986328125,
      -0.003145575523376465,
      -0.018611252307891846,
      0.018427610397338867,
      0.0
    ],
    [
      0.014374375343322754,
      0.021504759788513184,
      -0.005445659160614014,
      0.07245635986328125,
      -0.003145575523376465,
      -0.018611252307891846,
      0.018427610397338867,
      0.0
    ],
    [
      0.014374375343322754,
      0.021504759788513184,
      -0.005445659160614014,
      0.07245635986328125,
      -0.003145575523376465,
      -0.018611252307891846,
      0.018427610397338867,
      0.0
    ],
    [
      0.014374375343322754,
      0.021504759788513184,
      -0.005445659160614014,
      0.07245635986328125,
      -0.003145575523376465,
      -0.018611252307891846,
      0.018427610397338867,
      0.0
    ],
    [
      0.014374375343322754,
      0.021504759788513184,
      -0.005445659160614014,
      0.07245635986328125,
      -0.003145575523376465,
      -0.018611252307891846,
      0.018427729606628418,
      0.0
    ],
    [
      0.014374375343322754,
      0.021504759788513184,
      -0.005445659160614014,
      0.07245635986328125,
      -0.0031456351280212402,
      -0.018611252307891846,
      0.018427729606628418,
      0.0
    ],
    [
      0.014374256134033203,
      0.021504759788513184,
      -0.005445599555969238,
      0.07245635986328125,
      -0.0031456351280212402,
      -0.018611252307891846,
      0.018427729606628418,
      0.0
    ],
    [
      0.014374256134033203,
      0.021504759788513184,
      -0.005445599555969238,
      0.07245635986328125,
      -0.0031456351280212402,
      -0.018611252307891846,
      0.018427729606628418,
      0.0
    ],
    [
      0.014374256134033203,
      0.021504759788513184,
      -0.005445539951324463,
      0.07245635986328125,
      -0.0031456351280212402,
      -0.018611252307891846,
      0.018427729606628418,
      0.0
    ],
    [
      0.014374256134033203,
      0.021504759788513184,
      -0.005445539951324463,
      0.07245635986328125,
      -0.003145754337310791,
      -0.018611252307891846,
      0.018427729606628418,
      0.0
    ],
    [
      0.2359330654144287,
      0.15079796314239502,
      0.42843031883239746,
      -0.11162304878234863,
      0.2653017044067383,
      0.45715272426605225,
      0.43561482429504395,
      0.0
    ],
    [
      0.08059358596801758,
      0.04317188262939453,
      0.2142418622970581,
      -0.09492725133895874,
      0.22505533695220947,
      0.25980448722839355,
      0.3761333227157593,
      0.0
    ],
    [
      0.06727039813995361,
      -0.03874015808105469,
      0.19546735286712646,
      -0.0741538405418396,
      0.30136561393737793,
      0.28930914402008057,
      0.4489558935165405,
      0.0
    ],
    [
      0.06813836097717285,
      0.07943117618560791,
      0.3015773296356201,
      -0.22540497779846191,
      0.38330090045928955,
      0.6029118299484253,
      0.586288332939148,
      0.0
    ],
    [
      0.017148375511169434,
      0.0945049524307251,
      0.33371853828430176,
      -0.2855227589607239,
      0.4108325242996216,
      0.7178866863250732,
      0.6821160316467285,
      0.0
    ],
    [
      0.010015606880187988,
      0.13668334484100342,
      0.4235323667526245,
      -0.2492043375968933,
      0.4421107769012451,
      0.6908304691314697,
      0.8198248147964478,
      0.0
    ],
    [
      -0.02644932270050049,
      0.054230451583862305,
      0.43449628353118896,
      -0.29756635427474976,
      0.4325162172317505,
      0.6675814390182495,
      0.870437741279602,
      0.0
    ],
    [
      -0.05135452747344971,
      0.1700911521911621,
      0.4558902978897095,
      -0.23473799228668213,
      0.46479105949401855,
      0.7573369741439819,
      0.9259762763977051,
      0.0
    ],
    [
      -0.06304770708084106,
      0.3681769371032715,
      0.5790079832077026,
      -0.20771265029907227,
      0.49134695529937744,
      0.9949064254760742,
      1.0337862968444824,
      0.0
    ]
  ],
  "ext_image": "cotrain_examples/example_0_ext.png",
  "wrist_image": "cotrain_examples/example_0_wrist.png",
  "timestep_in_episode": 0,
  "episode_length": 310
}