{
  "caption": "put the lid on the pan",
  "actions_shape": [
    31,
    8
  ],
  "non_padding_steps": 31,
  "padding_value": -5.0,
  "history_length": 31,
  "actions": [
    [
      0.22441673278808594,
      0.1743178367614746,
      -0.23157382011413574,
      0.4699767827987671,
      -0.8235381841659546,
      -0.7363914251327515,
      0.7678276300430298,
      0.0
    ],
    [
      0.19788813591003418,
      0.143873929977417,
      -0.23168432712554932,
      0.3623063564300537,
      -0.7867656946182251,
      -0.5344686508178711,
      0.725443959236145,
      0.0
    ],
    [
      0.18488943576812744,
      0.10874652862548828,
      -0.22439926862716675,
      0.34126055240631104,
      -0.7654919624328613,
      -0.5054187774658203,
      0.6898341178894043,
      0.0
    ],
    [
      0.18929147720336914,
      0.14284133911132812,
      -0.21763527393341064,
      0.33385682106018066,
      -0.7685673236846924,
      -0.4238392114639282,
      0.6810343265533447,
      0.0
    ],
    [
      0.1924271583557129,
      0.12628626823425293,
      -0.2002500295639038,
      0.22096729278564453,
      -0.7514067888259888,
      -0.23161697387695312,
      0.6609922647476196,
      0.0
    ],
    [
      0.19740283489227295,
      0.03163468837738037,
      -0.16767555475234985,
      0.1143331527709961,
      -0.7089937925338745,
      -0.11378616094589233,
      0.6372671127319336,
      0.0
    ],
    [
      0.1860109567642212,
      -0.025449514389038086,
      -0.1424533724784851,
      0.08652961254119873,
      -0.637241780757904,
      -0.060265541076660156,
      0.6007037162780762,
      0.0
    ],
    [
      0.16785955429077148,
      -0.02211993932723999,
      -0.13600027561187744,
      0.1250361204147339,
      -0.5911914706230164,
      -0.11195254325866699,
      0.5474776029586792,
      0.0
    ],
    [
      0.1369469165802002,
      -0.0669289231300354,
      -0.10365712642669678,
      0.0558171272277832,
      -0.4411492943763733,
      -0.04959660768508911,
      0.4172729253768921,
      0.0
    ],
    [
      0.12572979927062988,
      -0.07267534732818604,
      -0.07497674226760864,
      0.03649938106536865,
      -0.2964679002761841,
      -0.027741074562072754,
      0.3014487028121948,
      0.0
    ],
    [
      0.09534263610839844,
      -0.007363319396972656,
      -0.05314993858337402,
      0.04588484764099121,
      -0.14181339740753174,
      0.01730477809906006,
      0.16108059883117676,
      0.0
    ],
    [
      0.03707897663116455,
      0.07983160018920898,
      0.004306435585021973,
      0.05043816566467285,
      0.04734468460083008,
      0.10619771480560303,
      -0.016866743564605713,
      0.0
    ],
    [
      0.008342742919921875,
      0.08033359050750732,
      0.02961897850036621,
      0.07751762866973877,
      0.06595957279205322,
      0.06883645057678223,
      -0.03456389904022217,
      0.0
    ],
    [
      -0.04910188913345337,
      0.043337225914001465,
      0.02594006061553955,
      0.09553396701812744,
      0.12075579166412354,
      -0.019021153450012207,
      -0.10605067014694214,
      0.0
    ],
    [
      -0.0913575291633606,
      -0.025519132614135742,
      0.04414677619934082,
      0.05030965805053711,
      0.25844740867614746,
      -0.04595232009887695,
      -0.2220062017440796,
      0.0
    ],
    [
      -0.08517712354660034,
      -0.02601522207260132,
      0.06279242038726807,
      0.05800318717956543,
      0.33807384967803955,
      -0.043240129947662354,
      -0.25816285610198975,
      0.0
    ],
    [
      -0.00917351245880127,
      0.03721916675567627,
      0.09931421279907227,
      0.07728993892669678,
      0.25599050521850586,
      0.03970050811767578,
      -0.1444583535194397,
      0.0
    ],
    [
      -0.028635621070861816,
      0.012546896934509277,
      0.031211376190185547,
      0.07059407234191895,
      0.14097309112548828,
      -0.005915164947509766,
      -0.08463799953460693,
      0.0
    ],
    [
      -0.042144775390625,
      0.007640242576599121,
      0.015662431716918945,
      0.07355082035064697,
      0.13741087913513184,
      -0.021159052848815918,
      -0.0957951545715332,
      0.0
    ],
    [
      -0.0369526743888855,
      0.012064218521118164,
      0.02218770980834961,
      0.07247519493103027,
      0.14329016208648682,
      -0.012548565864562988,
      -0.09560471773147583,
      0.0
    ],
    [
      -0.02505040168762207,
      0.014167308807373047,
      0.03370380401611328,
      0.0698862075805664,
      0.14334595203399658,
      -0.002020537853240967,
      -0.0838136076927185,
      0.0
    ],
    [
      -0.03095191717147827,
      0.012434124946594238,
      0.028640031814575195,
      0.07129430770874023,
      0.1415005922317505,
      -0.008356273174285889,
      -0.0882139801979065,
      0.0
    ],
    [
      -0.07109105587005615,
      0.16328680515289307,
      0.2958279848098755,
      -0.020302653312683105,
      0.6951082944869995,
      0.32953381538391113,
      -0.5340225100517273,
      0.0
    ],
    [
      -0.10137784481048584,
      0.17834949493408203,
      0.4931398630142212,
      -0.03457963466644287,
      0.9201005697250366,
      0.4625999927520752,
      -0.6932212114334106,
      0.0
    ],
    [
      -0.23998582363128662,
      0.11656498908996582,
      0.5616557598114014,
      -0.04353255033493042,
      1.1230337619781494,
      0.42431437969207764,
      -0.9232428073883057,
      0.0
    ],
    [
      -0.23973262310028076,
      0.17874813079833984,
      0.7085927724838257,
      0.001311182975769043,
      1.3172743320465088,
      0.5254210233688354,
      -1.0324819087982178,
      0.0
    ],
    [
      -0.3515092730522156,
      0.2585791349411011,
      0.8883553743362427,
      0.06468307971954346,
      1.635378360748291,
      0.6051133871078491,
      -1.3070515394210815,
      0.0
    ],
    [
      -0.44649505615234375,
      0.2810513973236084,
      1.041614055633545,
      0.09908914566040039,
      2.091101884841919,
      0.6416500806808472,
      -1.7085837125778198,
      0.0
    ],
    [
      -0.29824405908584595,
      0.22591817378997803,
      0.9195337295532227,
      0.06112086772918701,
      2.066061496734619,
      0.6001402139663696,
      -1.6655863523483276,
      0.0
    ],
    [
      -0.09326094388961792,
      -0.11197555065155029,
      0.46240413188934326,
      -0.25964194536209106,
      0.5236546993255615,
      0.2532036304473877,
      -0.37085872888565063,
      0.0
    ],
    [
      -0.3220927119255066,
      -0.3959898352622986,
      0.2367919683456421,
      -0.3352850675582886,
      -0.2126002311706543,
      -0.18552172183990479,
      0.007832884788513184,
      0.0
    ]
  ],
  "ext_image": "cotrain_examples/example_4_ext.png",
  "wrist_image": "cotrain_examples/example_4_wrist.png",
  "timestep_in_episode": 179,
  "episode_length": 359
}