{
  "caption": "put the lid on the pan",
  "actions_shape": [
    31,
    8
  ],
  "non_padding_steps": 31,
  "padding_value": -5.0,
  "history_length": 31,
  "actions": [
    [
      0.014374375343322754,
      0.021504759788513184,
      -0.005445659160614014,
      0.07245635986328125,
      -0.003145575523376465,
      -0.018611252307891846,
      0.018427610397338867,
      0.0
    ],
    [
      0.014374375343322754,
      0.021504759788513184,
      -0.005445659160614014,
      0.07245635986328125,
      -0.003145575523376465,
      -0.018611252307891846,
      0.018427610397338867,
      0.0
    ],
    [
      0.014374375343322754,
      0.021504759788513184,
      -0.005445659160614014,
      0.07245635986328125,
      -0.003145575523376465,
      -0.018611252307891846,
      0.018427610397338867,
      0.0
    ],
    [
      0.014374375343322754,
      0.021504759788513184,
      -0.005445659160614014,
      0.07245635986328125,
      -0.003145575523376465,
      -0.018611252307891846,
      0.018427610397338867,
      0.0
    ],
    [
      0.014374375343322754,
      0.021504759788513184,
      -0.005445659160614014,
      0.07245635986328125,
      -0.003145575523376465,
      -0.018611252307891846,
      0.018427610397338867,
      0.0
    ],
    [
      0.014374375343322754,
      0.021504759788513184,
      -0.005445659160614014,
      0.07245635986328125,
      -0.003145575523376465,
      -0.018611252307891846,
      0.018427610397338867,
      0.0
    ],
    [
      0.014374375343322754,
      0.021504759788513184,
      -0.005445659160614014,
      0.07245635986328125,
      -0.003145575523376465,
      -0.018611252307891846,
      0.018427610397338867,
      0.0
    ],
    [
      0.014374375343322754,
      0.021504759788513184,
      -0.005445659160614014,
      0.07245635986328125,
      -0.003145575523376465,
      -0.018611252307891846,
      0.018427610397338867,
      0.0
    ],
    [
      0.014374375343322754,
      0.021504759788513184,
      -0.005445659160614014,
      0.07245635986328125,
      -0.003145575523376465,
      -0.018611252307891846,
      0.018427610397338867,
      0.0
    ],
    [
      0.014374375343322754,
      0.021504759788513184,
      -0.005445659160614014,
      0.07245635986328125,
      -0.003145575523376465,
      -0.018611252307891846,
      0.018427610397338867,
      0.0
    ],
    [
      0.014374375343322754,
      0.021504759788513184,
      -0.005445659160614014,
      0.07245635986328125,
      -0.003145575523376465,
      -0.018611252307891846,
      0.018427610397338867,
      0.0
    ],
    [
      0.014374375343322754,
      0.021504759788513184,
      -0.005445659160614014,
      0.07245635986328125,
      -0.003145575523376465,
      -0.018611252307891846,
      0.018427610397338867,
      0.0
    ],
    [
      0.014374375343322754,
      0.021504759788513184,
      -0.005445659160614014,
      0.07245635986328125,
      -0.003145575523376465,
      -0.018611252307891846,
      0.018427610397338867,
      0.0
    ],
    [
      0.014374375343322754,
      0.021504759788513184,
      -0.005445659160614014,
      0.07245635986328125,
      -0.003145575523376465,
      -0.018611252307891846,
      0.018427610397338867,
      0.0
    ],
    [
      0.014374375343322754,
      0.021504759788513184,
      -0.005445659160614014,
      0.07245635986328125,
      -0.003145575523376465,
      -0.018611252307891846,
      0.018427610397338867,
      0.0
    ],
    [
      0.014374375343322754,
      0.021504759788513184,
      -0.005445659160614014,
      0.07245635986328125,
      -0.003145575523376465,
      -0.018611252307891846,
      0.018427610397338867,
      0.0
    ],
    [
      0.014374375343322754,
      0.021504759788513184,
      -0.005445659160614014,
      0.07245635986328125,
      -0.003145575523376465,
      -0.018611252307891846,
      0.018427729606628418,
      0.0
    ],
    [
      0.014374375343322754,
      0.021504759788513184,
      -0.005445659160614014,
      0.07245635986328125,
      -0.0031456351280212402,
      -0.018611252307891846,
      0.018427729606628418,
      0.0
    ],
    [
      0.014374256134033203,
      0.021504759788513184,
      -0.005445599555969238,
      0.07245635986328125,
      -0.0031456351280212402,
      -0.018611252307891846,
      0.018427729606628418,
      0.0
    ],
    [
      0.014374256134033203,
      0.021504759788513184,
      -0.005445599555969238,
      0.07245635986328125,
      -0.0031456351280212402,
      -0.018611252307891846,
      0.018427729606628418,
      0.0
    ],
    [
      0.014374256134033203,
      0.021504759788513184,
      -0.005445539951324463,
      0.07245635986328125,
      -0.0031456351280212402,
      -0.018611252307891846,
      0.018427729606628418,
      0.0
    ],
    [
      0.014374256134033203,
      0.021504759788513184,
      -0.005445539951324463,
      0.07245635986328125,
      -0.003145754337310791,
      -0.018611252307891846,
      0.018427729606628418,
      0.0
    ],
    [
      0.014374136924743652,
      0.021504759788513184,
      -0.0054454803466796875,
      0.07245635986328125,
      -0.003145754337310791,
      -0.018611252307891846,
      0.01842784881591797,
      0.0
    ],
    [
      0.014374136924743652,
      0.021504759788513184,
      -0.0054454803466796875,
      0.07245635986328125,
      -0.003145754337310791,
      -0.018611252307891846,
      0.01842784881591797,
      0.0
    ],
    [
      0.014374136924743652,
      0.021504759788513184,
      -0.0054454803466796875,
      0.07245635986328125,
      -0.003145754337310791,
      -0.018611252307891846,
      0.01842784881591797,
      0.0
    ],
    [
      0.014374136924743652,
      0.021504759788513184,
      -0.005445420742034912,
      0.07245635986328125,
      -0.0031458139419555664,
      -0.018611252307891846,
      0.01842784881591797,
      0.0
    ],
    [
      0.014374136924743652,
      0.021504759788513184,
      -0.005445420742034912,
      0.07245635986328125,
      -0.0031458139419555664,
      -0.018611252307891846,
      0.01842796802520752,
      0.0
    ],
    [
      0.014374136924743652,
      0.021504759788513184,
      -0.005445361137390137,
      0.07245635986328125,
      -0.0031458139419555664,
      -0.018611252307891846,
      0.01842796802520752,
      0.0
    ],
    [
      0.014374136924743652,
      0.021504759788513184,
      -0.005445361137390137,
      0.07245635986328125,
      -0.0031458139419555664,
      -0.018611252307891846,
      0.01842796802520752,
      0.0
    ],
    [
      0.01835036277770996,
      0.09880685806274414,
      -0.10420072078704834,
      0.19841742515563965,
      0.07383072376251221,
      -0.06810545921325684,
      -0.01835620403289795,
      0.0
    ],
    [
      0.02793419361114502,
      0.17750930786132812,
      -0.2251604199409485,
      0.300365686416626,
      0.18172168731689453,
      -0.1418134570121765,
      -0.05835443735122681,
      0.0
    ]
  ],
  "ext_image": "cotrain_examples/example_3_ext.png",
  "wrist_image": "cotrain_examples/example_3_wrist.png",
  "timestep_in_episode": 0,
  "episode_length": 359
}