{
  "caption": "put the marker in the mug",
  "actions_shape": [
    31,
    8
  ],
  "non_padding_steps": 31,
  "padding_value": -5.0,
  "history_length": 31,
  "actions": [
    [
      -0.2245701551437378,
      0.08282160758972168,
      0.0571058988571167,
      0.408011794090271,
      -0.148448646068573,
      -0.41341322660446167,
      0.0077762603759765625,
      1.0
    ],
    [
      -0.15226775407791138,
      0.11738085746765137,
      0.1774749755859375,
      0.09131741523742676,
      -0.03994482755661011,
      0.08562040328979492,
      0.02989828586578369,
      1.0
    ],
    [
      -0.16931486129760742,
      0.13739728927612305,
      0.18021893501281738,
      0.33892714977264404,
      -0.021250545978546143,
      -0.24240976572036743,
      0.11653852462768555,
      1.0
    ],
    [
      -0.17731791734695435,
      -0.03460639715194702,
      0.13429224491119385,
      0.16858160495758057,
      -0.07537186145782471,
      -0.21755516529083252,
      0.10737919807434082,
      1.0
    ],
    [
      -0.2663268446922302,
      -0.0022608041763305664,
      -0.04131501913070679,
      0.1536499261856079,
      0.009440183639526367,
      -0.21083223819732666,
      -0.09141296148300171,
      1.0
    ],
    [
      -0.33585256338119507,
      0.1349698305130005,
      -0.17065703868865967,
      0.15511107444763184,
      0.22921061515808105,
      -0.05187910795211792,
      -0.33203089237213135,
      1.0
    ],
    [
      -0.31802862882614136,
      0.23183906078338623,
      -0.13203001022338867,
      0.18407094478607178,
      0.31145501136779785,
      -0.004552960395812988,
      -0.36342960596084595,
      1.0
    ],
    [
      -0.08908224105834961,
      0.19317972660064697,
      0.029278159141540527,
      0.21180248260498047,
      0.1713045835494995,
      0.027172446250915527,
      -0.09135138988494873,
      1.0
    ],
    [
      0.07254087924957275,
      0.3075748682022095,
      0.19166100025177002,
      0.24173450469970703,
      0.22580981254577637,
      0.16364812850952148,
      0.01712489128112793,
      1.0
    ],
    [
      0.06944751739501953,
      0.2790486812591553,
      0.2145174741744995,
      0.17946183681488037,
      0.27434802055358887,
      0.18411624431610107,
      -0.034407198429107666,
      1.0
    ],
    [
      -0.1546257734298706,
      0.3062690496444702,
      0.07038140296936035,
      0.262881875038147,
      0.25388002395629883,
      -0.010868430137634277,
      -0.18216896057128906,
      1.0
    ],
    [
      -0.15606588125228882,
      0.3141357898712158,
      0.00943446159362793,
      0.20588958263397217,
      0.179892897605896,
      -0.009609758853912354,
      -0.1549423336982727,
      1.0
    ],
    [
      0.09286618232727051,
      -0.09250503778457642,
      -0.09088289737701416,
      0.027228593826293945,
      -0.17149627208709717,
      -0.12286961078643799,
      0.1824493408203125,
      0.0
    ],
    [
      0.0819786787033081,
      -0.06387674808502197,
      -0.04401463270187378,
      0.1442868709564209,
      -0.19031786918640137,
      -0.16194498538970947,
      0.20083391666412354,
      0.0
    ],
    [
      0.02883434295654297,
      -0.17294758558273315,
      -0.021051466464996338,
      -0.12471383810043335,
      -0.06488674879074097,
      0.08581602573394775,
      0.004887938499450684,
      0.0
    ],
    [
      0.015499114990234375,
      -0.2742484211921692,
      -0.03248870372772217,
      -0.13895058631896973,
      -0.16095781326293945,
      0.029766201972961426,
      0.0560457706451416,
      0.0
    ],
    [
      -0.08185380697250366,
      -0.5548996329307556,
      -0.0067847371101379395,
      -0.3355123996734619,
      -0.5801966190338135,
      -0.14175081253051758,
      0.38092541694641113,
      0.0
    ],
    [
      -0.30475932359695435,
      -0.7036272287368774,
      0.0013142824172973633,
      -0.5092227458953857,
      -0.755262017250061,
      -0.27350878715515137,
      0.3976048231124878,
      0.0
    ],
    [
      -0.22463208436965942,
      -0.55570387840271,
      0.0725477933883667,
      -0.4780074954032898,
      -0.6529015302658081,
      -0.16630738973617554,
      0.35305893421173096,
      0.0
    ],
    [
      -0.1569836139678955,
      -0.5190958380699158,
      0.13366401195526123,
      -0.4635724425315857,
      -0.6048467755317688,
      -0.16454511880874634,
      0.3750269412994385,
      0.0
    ],
    [
      -0.14013242721557617,
      -0.2747706174850464,
      -0.050171077251434326,
      -0.17905771732330322,
      -0.5066859722137451,
      -0.28748220205307007,
      0.21863436698913574,
      0.0
    ],
    [
      -0.14824742078781128,
      -0.33496546745300293,
      0.04681706428527832,
      -0.3392234444618225,
      -0.6310338973999023,
      -0.19771146774291992,
      0.25799572467803955,
      0.0
    ],
    [
      -0.11780720949172974,
      -0.28082990646362305,
      0.07174396514892578,
      -0.25554996728897095,
      -0.7659264802932739,
      -0.28264695405960083,
      0.11667120456695557,
      0.0
    ],
    [
      -0.11177080869674683,
      -0.34622275829315186,
      0.10320460796356201,
      -0.2838807702064514,
      -0.8596940636634827,
      -0.31934815645217896,
      0.054415345191955566,
      0.0
    ],
    [
      -0.10134953260421753,
      -0.09838157892227173,
      0.03897666931152344,
      -0.2634098529815674,
      -0.8465216159820557,
      -0.14045554399490356,
      -0.06830567121505737,
      0.0
    ],
    [
      -0.09427881240844727,
      -0.14602923393249512,
      0.11463558673858643,
      -0.347750723361969,
      -1.002647876739502,
      -0.12762320041656494,
      -0.022074401378631592,
      0.0
    ],
    [
      -0.06212824583053589,
      -0.04808706045150757,
      0.10516238212585449,
      -0.1020503044128418,
      -0.8956401348114014,
      -0.32761216163635254,
      -0.0732768177986145,
      0.0
    ],
    [
      -0.04144012928009033,
      0.09932947158813477,
      0.12852346897125244,
      -0.20850181579589844,
      -0.8771238923072815,
      -0.049591064453125,
      -0.07091093063354492,
      0.0
    ],
    [
      -0.03824281692504883,
      0.05912649631500244,
      0.13567900657653809,
      -0.22122657299041748,
      -0.8623063564300537,
      -0.06927132606506348,
      -0.1064184308052063,
      0.0
    ],
    [
      0.026387453079223633,
      0.04323267936706543,
      0.21864044666290283,
      -0.13613617420196533,
      -0.9051685929298401,
      -0.26235735416412354,
      -0.011343836784362793,
      0.0
    ],
    [
      0.037096500396728516,
      0.21304869651794434,
      0.23600053787231445,
      -0.24332940578460693,
      -0.9200772643089294,
      -0.006798863410949707,
      -0.006668448448181152,
      0.0
    ]
  ],
  "ext_image": "cotrain_examples/example_7_ext.png",
  "wrist_image": "cotrain_examples/example_7_wrist.png",
  "timestep_in_episode": 47,
  "episode_length": 95
}