{
  "caption": "put the marker in the mug",
  "actions_shape": [
    31,
    8
  ],
  "non_padding_steps": 31,
  "padding_value": -5.0,
  "history_length": 31,
  "actions": [
    [
      0.2401067018508911,
      -0.08665817975997925,
      -0.4622517228126526,
      -0.009893417358398438,
      -0.12058889865875244,
      -0.04443925619125366,
      -0.14708185195922852,
      1.0
    ],
    [
      -0.10322552919387817,
      0.13756489753723145,
      -0.03359627723693848,
      0.10128319263458252,
      -0.17885589599609375,
      0.10781276226043701,
      -0.04804408550262451,
      1.0
    ],
    [
      0.06224656105041504,
      0.02546536922454834,
      -0.028180480003356934,
      -0.019417226314544678,
      -0.09139090776443481,
      0.08142924308776855,
      -0.05597198009490967,
      1.0
    ],
    [
      -0.15371108055114746,
      0.08847439289093018,
      0.071694016456604,
      0.11009573936462402,
      -0.1518377661705017,
      0.017296195030212402,
      -0.029954731464385986,
      1.0
    ],
    [
      -0.03645122051239014,
      0.017909884452819824,
      -0.03592526912689209,
      0.08956789970397949,
      -0.0811997652053833,
      -0.08309906721115112,
      -0.005421936511993408,
      0.0
    ],
    [
      0.08938753604888916,
      -0.013309836387634277,
      -0.09957993030548096,
      0.04998743534088135,
      -0.015265226364135742,
      -0.0950920581817627,
      -0.014786005020141602,
      0.0
    ],
    [
      0.3139832019805908,
      -0.14559918642044067,
      -0.36215174198150635,
      0.03166806697845459,
      0.02524268627166748,
      -0.2416791319847107,
      -0.06163311004638672,
      0.0
    ],
    [
      0.33812415599823,
      -0.17561322450637817,
      -0.41653507947921753,
      0.028806686401367188,
      0.02349674701690674,
      -0.23451584577560425,
      -0.08242535591125488,
      0.0
    ],
    [
      0.38896286487579346,
      -0.22256696224212646,
      -0.5189367532730103,
      0.01550602912902832,
      0.03131675720214844,
      -0.24394166469573975,
      -0.11537003517150879,
      0.0
    ],
    [
      0.08741974830627441,
      -0.036176979541778564,
      -0.23323237895965576,
      0.07611870765686035,
      0.009707808494567871,
      -0.032481372356414795,
      -0.06227201223373413,
      0.0
    ],
    [
      -0.14729350805282593,
      0.08768761157989502,
      0.10000503063201904,
      0.034609317779541016,
      -0.00928264856338501,
      0.19216811656951904,
      0.006725430488586426,
      1.0
    ],
    [
      0.17161870002746582,
      -0.0988394021987915,
      -0.23823779821395874,
      0.040723323822021484,
      0.028230786323547363,
      -0.12308627367019653,
      0.005892157554626465,
      0.0
    ],
    [
      -0.1304476261138916,
      0.07879698276519775,
      0.1821155548095703,
      0.16552948951721191,
      -0.04616677761077881,
      -0.04605585336685181,
      0.1280350685119629,
      0.0
    ],
    [
      0.006534695625305176,
      0.06180763244628906,
      0.06392884254455566,
      0.014370441436767578,
      0.027251362800598145,
      0.07237100601196289,
      0.008475542068481445,
      0.0
    ],
    [
      -0.08561915159225464,
      0.07582151889801025,
      0.12832701206207275,
      0.09811711311340332,
      -0.03384643793106079,
      -0.0033116936683654785,
      0.05134224891662598,
      0.0
    ],
    [
      0.40075206756591797,
      -0.19942814111709595,
      -0.34759676456451416,
      -0.004820048809051514,
      0.0678861141204834,
      -0.21065551042556763,
      0.0017213821411132812,
      0.0
    ],
    [
      0.40075206756591797,
      -0.19942814111709595,
      -0.34759676456451416,
      -0.004820048809051514,
      0.0678861141204834,
      -0.21065551042556763,
      0.0017213821411132812,
      0.0
    ],
    [
      0.40075206756591797,
      -0.19942814111709595,
      -0.34759676456451416,
      -0.004820048809051514,
      0.0678861141204834,
      -0.21065551042556763,
      0.0017213821411132812,
      0.0
    ],
    [
      0.40075206756591797,
      -0.19942814111709595,
      -0.34759676456451416,
      -0.004820048809051514,
      0.0678861141204834,
      -0.21065551042556763,
      0.0017213821411132812,
      0.0
    ],
    [
      0.40075206756591797,
      -0.19942814111709595,
      -0.34759676456451416,
      -0.004820048809051514,
      0.0678861141204834,
      -0.21065551042556763,
      0.0017213821411132812,
      0.0
    ],
    [
      0.40075206756591797,
      -0.19942814111709595,
      -0.34759676456451416,
      -0.004820048809051514,
      0.0678861141204834,
      -0.21065551042556763,
      0.0017213821411132812,
      0.0
    ],
    [
      0.40075206756591797,
      -0.19942814111709595,
      -0.34759676456451416,
      -0.004820048809051514,
      0.0678861141204834,
      -0.21065551042556763,
      0.0017213821411132812,
      0.0
    ],
    [
      0.40075206756591797,
      -0.19942814111709595,
      -0.34759676456451416,
      -0.004820048809051514,
      0.0678861141204834,
      -0.21065551042556763,
      0.0017213821411132812,
      0.0
    ],
    [
      0.40075206756591797,
      -0.19942814111709595,
      -0.34759676456451416,
      -0.004820048809051514,
      0.0678861141204834,
      -0.21065551042556763,
      0.0017213821411132812,
      0.0
    ],
    [
      0.40075206756591797,
      -0.19942814111709595,
      -0.34759676456451416,
      -0.004820048809051514,
      0.0678861141204834,
      -0.21065551042556763,
      0.0017213821411132812,
      0.0
    ],
    [
      0.40075206756591797,
      -0.19942814111709595,
      -0.34759676456451416,
      -0.004820048809051514,
      0.0678861141204834,
      -0.21065551042556763,
      0.0017213821411132812,
      0.0
    ],
    [
      0.40075206756591797,
      -0.19942814111709595,
      -0.34759676456451416,
      -0.004820048809051514,
      0.0678861141204834,
      -0.21065551042556763,
      0.0017213821411132812,
      0.0
    ],
    [
      0.40075206756591797,
      -0.19942814111709595,
      -0.34759676456451416,
      -0.004820048809051514,
      0.0678861141204834,
      -0.21065551042556763,
      0.0017213821411132812,
      0.0
    ],
    [
      0.40075206756591797,
      -0.19942814111709595,
      -0.34759676456451416,
      -0.004820048809051514,
      0.0678861141204834,
      -0.21065551042556763,
      0.0017213821411132812,
      0.0
    ],
    [
      0.40075206756591797,
      -0.19942814111709595,
      -0.34759676456451416,
      -0.004820048809051514,
      0.0678861141204834,
      -0.21065551042556763,
      0.0017213821411132812,
      0.0
    ],
    [
      0.40075206756591797,
      -0.19942814111709595,
      -0.34759676456451416,
      -0.004820048809051514,
      0.0678861141204834,
      -0.21065551042556763,
      0.0017213821411132812,
      0.0
    ]
  ],
  "ext_image": "cotrain_examples/example_2_ext.png",
  "wrist_image": "cotrain_examples/example_2_wrist.png",
  "timestep_in_episode": 309,
  "episode_length": 310
}