{
  "caption": "put the marker in the mug",
  "actions_shape": [
    31,
    8
  ],
  "non_padding_steps": 31,
  "padding_value": -5.0,
  "history_length": 31,
  "actions": [
    [
      0.014374375343322754,
      0.021504759788513184,
      -0.005445659160614014,
      0.07245635986328125,
      -0.003145575523376465,
      -0.018611252307891846,
      0.018427610397338867,
      0.0
    ],
    [
      0.014374375343322754,
      0.021504759788513184,
      -0.005445659160614014,
      0.07245635986328125,
      -0.003145575523376465,
      -0.018611252307891846,
      0.018427610397338867,
      0.0
    ],
    [
      0.014374375343322754,
      0.021504759788513184,
      -0.005445659160614014,
      0.07245635986328125,
      -0.003145575523376465,
      -0.018611252307891846,
      0.018427610397338867,
      0.0
    ],
    [
      0.014374375343322754,
      0.021504759788513184,
      -0.005445659160614014,
      0.07245635986328125,
      -0.003145575523376465,
      -0.018611252307891846,
      0.018427610397338867,
      0.0
    ],
    [
      0.014374375343322754,
      0.021504759788513184,
      -0.005445659160614014,
      0.07245635986328125,
      -0.003145575523376465,
      -0.018611252307891846,
      0.018427610397338867,
      0.0
    ],
    [
      0.014374375343322754,
      0.021504759788513184,
      -0.005445659160614014,
      0.07245635986328125,
      -0.003145575523376465,
      -0.018611252307891846,
      0.018427610397338867,
      0.0
    ],
    [
      0.014374375343322754,
      0.021504759788513184,
      -0.005445659160614014,
      0.07245635986328125,
      -0.003145575523376465,
      -0.018611252307891846,
      0.018427610397338867,
      0.0
    ],
    [
      0.014374375343322754,
      0.021504759788513184,
      -0.005445659160614014,
      0.07245635986328125,
      -0.003145575523376465,
      -0.018611252307891846,
      0.018427610397338867,
      0.0
    ],
    [
      0.014374375343322754,
      0.021504759788513184,
      -0.005445659160614014,
      0.07245635986328125,
      -0.003145575523376465,
      -0.018611252307891846,
      0.018427610397338867,
      0.0
    ],
    [
      0.014374375343322754,
      0.021504759788513184,
      -0.005445659160614014,
      0.07245635986328125,
      -0.003145575523376465,
      -0.018611252307891846,
      0.018427610397338867,
      0.0
    ],
    [
      0.014374375343322754,
      0.021504759788513184,
      -0.005445659160614014,
      0.07245635986328125,
      -0.003145575523376465,
      -0.018611252307891846,
      0.018427610397338867,
      0.0
    ],
    [
      0.014374375343322754,
      0.021504759788513184,
      -0.005445659160614014,
      0.07245635986328125,
      -0.003145575523376465,
      -0.018611252307891846,
      0.018427610397338867,
      0.0
    ],
    [
      0.014374375343322754,
      0.021504759788513184,
      -0.005445659160614014,
      0.07245635986328125,
      -0.003145575523376465,
      -0.018611252307891846,
      0.018427610397338867,
      0.0
    ],
    [
      0.014374375343322754,
      0.021504759788513184,
      -0.005445659160614014,
      0.07245635986328125,
      -0.003145575523376465,
      -0.018611252307891846,
      0.018427610397338867,
      0.0
    ],
    [
      0.014374375343322754,
      0.021504759788513184,
      -0.005445659160614014,
      0.07245635986328125,
      -0.003145575523376465,
      -0.018611252307891846,
      0.018427610397338867,
      0.0
    ],
    [
      0.014374375343322754,
      0.021504759788513184,
      -0.005445659160614014,
      0.07245635986328125,
      -0.003145575523376465,
      -0.018611252307891846,
      0.018427610397338867,
      0.0
    ],
    [
      0.014374375343322754,
      0.021504759788513184,
      -0.005445659160614014,
      0.07245635986328125,
      -0.003145575523376465,
      -0.018611252307891846,
      0.018427729606628418,
      0.0
    ],
    [
      -0.13469791412353516,
      0.6109381914138794,
      -0.20523369312286377,
      0.3413509130477905,
      0.0073920488357543945,
      0.38339459896087646,
      0.011268377304077148,
      0.0
    ],
    [
      -0.4082295298576355,
      0.3520677089691162,
      -0.5176067352294922,
      0.23162353038787842,
      -0.02851969003677368,
      0.2368793487548828,
      -0.029105961322784424,
      0.0
    ],
    [
      -0.466744601726532,
      0.4018430709838867,
      -0.4442647695541382,
      0.5216236114501953,
      0.037943124771118164,
      0.05865323543548584,
      0.258886456489563,
      0.0
    ],
    [
      -0.43635183572769165,
      0.3355482816696167,
      -0.24792629480361938,
      0.2164229154586792,
      0.030289292335510254,
      0.4225102663040161,
      0.48694097995758057,
      0.0
    ],
    [
      -0.2668774127960205,
      0.4881703853607178,
      -0.21209627389907837,
      0.24097180366516113,
      -0.1455075740814209,
      0.49297797679901123,
      0.08582437038421631,
      0.0
    ],
    [
      -0.3312830924987793,
      0.47453761100769043,
      -0.3290824890136719,
      0.3527524471282959,
      -0.11641097068786621,
      0.36361968517303467,
      0.03381621837615967,
      0.0
    ],
    [
      -0.3277462124824524,
      0.4920530319213867,
      -0.311420738697052,
      0.37858152389526367,
      -0.12767696380615234,
      0.39087140560150146,
      0.04819130897521973,
      0.0
    ],
    [
      -0.293761670589447,
      0.4756176471710205,
      -0.35261833667755127,
      0.26195061206817627,
      -0.09935826063156128,
      0.5839537382125854,
      -0.07074159383773804,
      0.0
    ],
    [
      -0.07346534729003906,
      0.5164507627487183,
      -0.5459214448928833,
      0.2684338092803955,
      0.06427872180938721,
      0.5940184593200684,
      -0.780759871006012,
      0.0
    ],
    [
      0.047739267349243164,
      0.8701976537704468,
      -0.7783432602882385,
      0.4479914903640747,
      0.38093316555023193,
      0.6673738956451416,
      -1.4259004592895508,
      0.0
    ],
    [
      0.05087769031524658,
      1.0446693897247314,
      -0.687587320804596,
      0.3789241313934326,
      0.5104564428329468,
      0.7872487306594849,
      -1.6285591125488281,
      0.0
    ],
    [
      -0.05122661590576172,
      0.9840637445449829,
      -0.6234353184700012,
      0.6355098485946655,
      0.4091000556945801,
      0.37156617641448975,
      -1.6174699068069458,
      0.0
    ],
    [
      -0.14167732000350952,
      1.1337296962738037,
      -0.6627870798110962,
      0.704842209815979,
      0.39065468311309814,
      0.47852349281311035,
      -1.6614640951156616,
      0.0
    ],
    [
      -0.18204963207244873,
      1.2609832286834717,
      -0.6515862345695496,
      0.5830814838409424,
      0.4251497983932495,
      0.7805964946746826,
      -1.719407558441162,
      0.0
    ]
  ],
  "ext_image": "cotrain_examples/example_6_ext.png",
  "wrist_image": "cotrain_examples/example_6_wrist.png",
  "timestep_in_episode": 0,
  "episode_length": 95
}