{
  "caption": "turn the block 90 degrees",
  "actions_shape": [
    31,
    8
  ],
  "non_padding_steps": 31,
  "padding_value": -5.0,
  "history_length": 31,
  "actions": [
    [
      0.014374375343322754,
      0.021504759788513184,
      -0.005445659160614014,
      0.07245635986328125,
      -0.003145575523376465,
      -0.018611252307891846,
      0.018427610397338867,
      0.0
    ],
    [
      0.014374375343322754,
      0.021504759788513184,
      -0.005445659160614014,
      0.07245635986328125,
      -0.003145575523376465,
      -0.018611252307891846,
      0.018427610397338867,
      0.0
    ],
    [
      0.014374375343322754,
      0.021504759788513184,
      -0.005445659160614014,
      0.07245635986328125,
      -0.003145575523376465,
      -0.018611252307891846,
      0.018427610397338867,
      0.0
    ],
    [
      0.014374375343322754,
      0.021504759788513184,
      -0.005445659160614014,
      0.07245635986328125,
      -0.003145575523376465,
      -0.018611252307891846,
      0.018427610397338867,
      0.0
    ],
    [
      0.014374375343322754,
      0.021504759788513184,
      -0.005445659160614014,
      0.07245635986328125,
      -0.003145575523376465,
      -0.018611252307891846,
      0.018427610397338867,
      0.0
    ],
    [
      0.014374375343322754,
      0.021504759788513184,
      -0.005445659160614014,
      0.07245635986328125,
      -0.003145575523376465,
      -0.018611252307891846,
      0.018427610397338867,
      0.0
    ],
    [
      0.014374375343322754,
      0.021504759788513184,
      -0.005445659160614014,
      0.07245635986328125,
      -0.003145575523376465,
      -0.018611252307891846,
      0.018427610397338867,
      0.0
    ],
    [
      0.014374375343322754,
      0.021504759788513184,
      -0.005445659160614014,
      0.07245635986328125,
      -0.003145575523376465,
      -0.018611252307891846,
      0.018427610397338867,
      0.0
    ],
    [
      0.014374375343322754,
      0.021504759788513184,
      -0.005445659160614014,
      0.07245635986328125,
      -0.003145575523376465,
      -0.018611252307891846,
      0.018427610397338867,
      0.0
    ],
    [
      0.014374375343322754,
      0.021504759788513184,
      -0.005445659160614014,
      0.07245635986328125,
      -0.003145575523376465,
      -0.018611252307891846,
      0.018427610397338867,
      0.0
    ],
    [
      0.014374375343322754,
      0.021504759788513184,
      -0.005445659160614014,
      0.07245635986328125,
      -0.003145575523376465,
      -0.018611252307891846,
      0.018427610397338867,
      0.0
    ],
    [
      0.014374375343322754,
      0.021504759788513184,
      -0.005445659160614014,
      0.07245635986328125,
      -0.003145575523376465,
      -0.018611252307891846,
      0.018427610397338867,
      0.0
    ],
    [
      0.014374375343322754,
      0.021504759788513184,
      -0.005445659160614014,
      0.07245635986328125,
      -0.003145575523376465,
      -0.018611252307891846,
      0.018427610397338867,
      0.0
    ],
    [
      0.014374375343322754,
      0.021504759788513184,
      -0.005445659160614014,
      0.07245635986328125,
      -0.003145575523376465,
      -0.018611252307891846,
      0.018427610397338867,
      0.0
    ],
    [
      0.014374375343322754,
      0.021504759788513184,
      -0.005445659160614014,
      0.07245635986328125,
      -0.003145575523376465,
      -0.018611252307891846,
      0.018427610397338867,
      0.0
    ],
    [
      0.014374375343322754,
      0.021504759788513184,
      -0.005445659160614014,
      0.07245635986328125,
      -0.003145575523376465,
      -0.018611252307891846,
      0.018427610397338867,
      0.0
    ],
    [
      0.014374375343322754,
      0.021504759788513184,
      -0.005445659160614014,
      0.07245635986328125,
      -0.003145575523376465,
      -0.018611252307891846,
      0.018427729606628418,
      0.0
    ],
    [
      0.014374375343322754,
      0.021504759788513184,
      -0.005445659160614014,
      0.07245635986328125,
      -0.0031456351280212402,
      -0.018611252307891846,
      0.018427729606628418,
      0.0
    ],
    [
      0.014374256134033203,
      0.021504759788513184,
      -0.005445599555969238,
      0.07245635986328125,
      -0.0031456351280212402,
      -0.018611252307891846,
      0.018427729606628418,
      0.0
    ],
    [
      0.014374256134033203,
      0.021504759788513184,
      -0.005445599555969238,
      0.07245635986328125,
      -0.0031456351280212402,
      -0.018611252307891846,
      0.018427729606628418,
      0.0
    ],
    [
      0.014374256134033203,
      0.021504759788513184,
      -0.005445539951324463,
      0.07245635986328125,
      -0.0031456351280212402,
      -0.018611252307891846,
      0.018427729606628418,
      0.0
    ],
    [
      0.014374256134033203,
      0.021504759788513184,
      -0.005445539951324463,
      0.07245635986328125,
      -0.003145754337310791,
      -0.018611252307891846,
      0.018427729606628418,
      0.0
    ],
    [
      0.014374136924743652,
      0.021504759788513184,
      -0.0054454803466796875,
      0.07245635986328125,
      -0.003145754337310791,
      -0.018611252307891846,
      0.01842784881591797,
      0.0
    ],
    [
      -0.03766554594039917,
      -0.04864788055419922,
      -0.14412832260131836,
      -0.23598945140838623,
      -0.053275465965270996,
      0.43232953548431396,
      -0.10540878772735596,
      0.0
    ],
    [
      -0.1584707498550415,
      -0.171902596950531,
      -0.3222076892852783,
      -0.3931492567062378,
      -0.12502455711364746,
      0.6047077178955078,
      -0.21484041213989258,
      0.0
    ],
    [
      -0.21134793758392334,
      -0.28041398525238037,
      -0.3019997477531433,
      -0.47559040784835815,
      -0.16812068223953247,
      0.7614575624465942,
      -0.19090330600738525,
      0.0
    ],
    [
      -0.27023082971572876,
      -0.1821608543395996,
      -0.4641026258468628,
      -0.5615755319595337,
      -0.19382637739181519,
      1.061154842376709,
      -0.28850501775741577,
      0.0
    ],
    [
      -0.14760106801986694,
      -0.20223987102508545,
      -0.6016877889633179,
      -0.5845885276794434,
      -0.13232004642486572,
      1.1678833961486816,
      -0.4210771918296814,
      0.0
    ],
    [
      -0.02524864673614502,
      -0.21038788557052612,
      -0.7485411167144775,
      -0.5622144937515259,
      -0.09086823463439941,
      1.2239797115325928,
      -0.5528842210769653,
      0.0
    ],
    [
      0.10136783123016357,
      -0.13817960023880005,
      -0.8752623796463013,
      -0.5440430045127869,
      -0.06056088209152222,
      1.3200690746307373,
      -0.6486496329307556,
      0.0
    ],
    [
      0.25273561477661133,
      -0.03757542371749878,
      -1.152436375617981,
      -0.5687928199768066,
      -0.024021029472351074,
      1.4915318489074707,
      -0.8217214941978455,
      0.0
    ]
  ],
  "ext_image": "cotrain_examples/example_9_ext.png",
  "wrist_image": "cotrain_examples/example_9_wrist.png",
  "timestep_in_episode": 0,
  "episode_length": 102
}