{
  "caption": "Remove the glass lid from the pan and put it on the black potholder on the stove",
  "actions_shape": [
    31,
    8
  ],
  "non_padding_steps": 31,
  "padding_value": -5.0,
  "history_length": 31,
  "actions": [
    [
      0.0369112491607666,
      0.05192732810974121,
      -0.015269696712493896,
      0.09145069122314453,
      -0.3049389123916626,
      -0.02257782220840454,
      0.22372591495513916,
      1.0
    ],
    [
      0.03130459785461426,
      0.047827720642089844,
      -0.00782167911529541,
      0.09234905242919922,
      -0.281785786151886,
      -0.030237317085266113,
      0.20724999904632568,
      1.0
    ],
    [
      0.02385532855987549,
      0.04476809501647949,
      0.0013420581817626953,
      0.09427154064178467,
      -0.24799907207489014,
      -0.0333288311958313,
      0.18439841270446777,
      1.0
    ],
    [
      0.017217159271240234,
      0.03993964195251465,
      0.009172558784484863,
      0.09445440769195557,
      -0.21720832586288452,
      -0.038770198822021484,
      0.16446614265441895,
      1.0
    ],
    [
      0.006778717041015625,
      0.03244972229003906,
      0.021482110023498535,
      0.0949392318725586,
      -0.17079830169677734,
      -0.04739546775817871,
      0.13346552848815918,
      1.0
    ],
    [
      -0.001038193702697754,
      0.02764892578125,
      0.028566718101501465,
      0.09432899951934814,
      -0.13043367862701416,
      -0.05292034149169922,
      0.10986614227294922,
      1.0
    ],
    [
      -0.007842183113098145,
      0.024542689323425293,
      0.030524373054504395,
      0.09459710121154785,
      -0.09614312648773193,
      -0.05630028247833252,
      0.08608531951904297,
      1.0
    ],
    [
      -0.014004290103912354,
      0.02016615867614746,
      0.03172433376312256,
      0.09324240684509277,
      -0.055145204067230225,
      -0.059386253356933594,
      0.05955326557159424,
      1.0
    ],
    [
      -0.01602768898010254,
      0.018108487129211426,
      0.02865457534790039,
      0.0896613597869873,
      -0.030628979206085205,
      -0.06250995397567749,
      0.041521430015563965,
      1.0
    ],
    [
      -0.01622021198272705,
      0.013914823532104492,
      0.02677023410797119,
      0.08696961402893066,
      -0.006432235240936279,
      -0.06507456302642822,
      0.023954033851623535,
      1.0
    ],
    [
      -0.015538573265075684,
      0.009676098823547363,
      0.025079846382141113,
      0.08303940296173096,
      0.01224982738494873,
      -0.06517624855041504,
      0.010516524314880371,
      1.0
    ],
    [
      -0.0145835280418396,
      0.005973100662231445,
      0.025127053260803223,
      0.08076012134552002,
      0.03146398067474365,
      -0.06467711925506592,
      -0.0039765238761901855,
      1.0
    ],
    [
      -0.013032317161560059,
      0.001830458641052246,
      0.024820327758789062,
      0.07813763618469238,
      0.04556560516357422,
      -0.06448334455490112,
      -0.013871371746063232,
      1.0
    ],
    [
      -0.011643290519714355,
      -0.0010128021240234375,
      0.024396419525146484,
      0.07759153842926025,
      0.057540178298950195,
      -0.06692707538604736,
      -0.02086871862411499,
      1.0
    ],
    [
      -0.009918272495269775,
      -0.006513535976409912,
      0.025870084762573242,
      0.07491445541381836,
      0.07305705547332764,
      -0.06756120920181274,
      -0.030809104442596436,
      1.0
    ],
    [
      -0.007625401020050049,
      -0.010698974132537842,
      0.025199532508850098,
      0.07266199588775635,
      0.0784980058670044,
      -0.065410315990448,
      -0.033926963806152344,
      1.0
    ],
    [
      -0.006841421127319336,
      -0.015767991542816162,
      0.024240970611572266,
      0.0713123083114624,
      0.08394265174865723,
      -0.07078766822814941,
      -0.03744387626647949,
      1.0
    ],
    [
      -0.0046645402908325195,
      -0.02301192283630371,
      0.02246999740600586,
      0.06721138954162598,
      0.08280813694000244,
      -0.07011067867279053,
      -0.034870445728302,
      1.0
    ],
    [
      -0.0038692355155944824,
      -0.0283316969871521,
      0.021459579467773438,
      0.06506240367889404,
      0.08143997192382812,
      -0.07506430149078369,
      -0.030671894550323486,
      1.0
    ],
    [
      -0.0008909702301025391,
      -0.03468000888824463,
      0.01886916160583496,
      0.061917662620544434,
      0.07268738746643066,
      -0.07334381341934204,
      -0.019503295421600342,
      1.0
    ],
    [
      0.00032460689544677734,
      -0.03977251052856445,
      0.018616676330566406,
      0.061601996421813965,
      0.06834661960601807,
      -0.08012920618057251,
      -0.01444089412689209,
      1.0
    ],
    [
      0.0018758773803710938,
      -0.043726980686187744,
      0.018329381942749023,
      0.06053316593170166,
      0.06593382358551025,
      -0.08132755756378174,
      -0.009997010231018066,
      1.0
    ],
    [
      0.002545952796936035,
      -0.047078609466552734,
      0.017239809036254883,
      0.060247063636779785,
      0.062215566635131836,
      -0.08718007802963257,
      -0.0060877203941345215,
      1.0
    ],
    [
      0.0031304359436035156,
      -0.04791980981826782,
      0.017003774642944336,
      0.06128096580505371,
      0.06226193904876709,
      -0.08787482976913452,
      -0.00544428825378418,
      1.0
    ],
    [
      0.0033712387084960938,
      -0.04848480224609375,
      0.01701664924621582,
      0.061672329902648926,
      0.0638049840927124,
      -0.08766889572143555,
      -0.005481123924255371,
      1.0
    ],
    [
      0.0027036666870117188,
      -0.04949301481246948,
      0.01715993881225586,
      0.06120872497558594,
      0.06580471992492676,
      -0.09022057056427002,
      -0.00795525312423706,
      1.0
    ],
    [
      -0.002334892749786377,
      -0.05122190713882446,
      0.018052339553833008,
      0.061269164085388184,
      0.07826471328735352,
      -0.09857964515686035,
      -0.01871180534362793,
      1.0
    ],
    [
      -0.009145379066467285,
      -0.05289846658706665,
      0.017423033714294434,
      0.06081283092498779,
      0.0919651985168457,
      -0.10858112573623657,
      -0.030298352241516113,
      1.0
    ],
    [
      -0.015387654304504395,
      -0.055123329162597656,
      0.01620638370513916,
      0.06085646152496338,
      0.10625386238098145,
      -0.12049722671508789,
      -0.040450215339660645,
      1.0
    ],
    [
      -0.024544596672058105,
      -0.06093090772628784,
      0.013539791107177734,
      0.05943870544433594,
      0.1279754638671875,
      -0.14217084646224976,
      -0.054106295108795166,
      1.0
    ],
    [
      -0.03409230709075928,
      -0.07024914026260376,
      0.008285999298095703,
      0.05511760711669922,
      0.15127718448638916,
      -0.16225522756576538,
      -0.06991326808929443,
      1.0
    ]
  ],
  "ext_image": "examples/example_3_ext.png",
  "wrist_image": "examples/example_3_wrist.png"
}