{
  "caption": "Use the white napkin to wipe the white lid.",
  "actions_shape": [
    31,
    8
  ],
  "non_padding_steps": 31,
  "padding_value": -5.0,
  "history_length": 31,
  "actions": [
    [
      -0.034576416015625,
      0.026155471801757812,
      0.02617669105529785,
      0.07533037662506104,
      0.0169677734375,
      -0.023601293563842773,
      0.0015228986740112305,
      0.0
    ],
    [
      -0.034576416015625,
      0.026155471801757812,
      0.02617669105529785,
      0.07533037662506104,
      0.0169677734375,
      -0.023601293563842773,
      0.0015228986740112305,
      0.0
    ],
    [
      -0.034576416015625,
      0.026155471801757812,
      0.02617669105529785,
      0.07533037662506104,
      0.0169677734375,
      -0.023601293563842773,
      0.0015228986740112305,
      0.0
    ],
    [
      -0.034576416015625,
      0.026155471801757812,
      0.02617669105529785,
      0.07533037662506104,
      0.0169677734375,
      -0.023601293563842773,
      0.0015228986740112305,
      0.0
    ],
    [
      -0.034576416015625,
      0.026155471801757812,
      0.02617669105529785,
      0.07533037662506104,
      0.0169677734375,
      -0.023601293563842773,
      0.0015228986740112305,
      0.0
    ],
    [
      -0.034576416015625,
      0.026155471801757812,
      0.02617669105529785,
      0.07533037662506104,
      0.0169677734375,
      -0.023601293563842773,
      0.0015228986740112305,
      0.0
    ],
    [
      -0.034576416015625,
      0.026155471801757812,
      0.02617669105529785,
      0.07533037662506104,
      0.0169677734375,
      -0.023601293563842773,
      0.0015228986740112305,
      0.0
    ],
    [
      -0.034576416015625,
      0.026155471801757812,
      0.02617669105529785,
      0.07533037662506104,
      0.0169677734375,
      -0.023601293563842773,
      0.0015228986740112305,
      0.0
    ],
    [
      -0.034576416015625,
      0.026155471801757812,
      0.02617669105529785,
      0.07533037662506104,
      0.0169677734375,
      -0.023601293563842773,
      0.0015228986740112305,
      0.0
    ],
    [
      -0.034576416015625,
      0.026155471801757812,
      0.02617669105529785,
      0.07533037662506104,
      0.0169677734375,
      -0.023601293563842773,
      0.0015228986740112305,
      0.0
    ],
    [
      -0.034576416015625,
      0.026155471801757812,
      0.02617669105529785,
      0.07533037662506104,
      0.0169677734375,
      -0.023601293563842773,
      0.0015228986740112305,
      0.0
    ],
    [
      -0.034576416015625,
      0.026155471801757812,
      0.02617669105529785,
      0.07533037662506104,
      0.0169677734375,
      -0.023601293563842773,
      0.0015228986740112305,
      0.0
    ],
    [
      -0.034576416015625,
      0.026155471801757812,
      0.02617669105529785,
      0.07533037662506104,
      0.0169677734375,
      -0.023601293563842773,
      0.0015228986740112305,
      0.0
    ],
    [
      -0.034576416015625,
      0.026155471801757812,
      0.02617669105529785,
      0.07533037662506104,
      0.0169677734375,
      -0.023601293563842773,
      0.0015228986740112305,
      0.0
    ],
    [
      -0.034576416015625,
      0.026155471801757812,
      0.02617669105529785,
      0.07533037662506104,
      0.0169677734375,
      -0.023601293563842773,
      0.0015228986740112305,
      0.0
    ],
    [
      -0.034576416015625,
      0.026155471801757812,
      0.02617669105529785,
      0.07533037662506104,
      0.0169677734375,
      -0.023601293563842773,
      0.0015228986740112305,
      0.0
    ],
    [
      -0.03464651107788086,
      0.02616739273071289,
      0.02583611011505127,
      0.07531511783599854,
      0.016988635063171387,
      -0.023550689220428467,
      0.0014951229095458984,
      0.0
    ],
    [
      -0.03463345766067505,
      0.02616274356842041,
      0.0258486270904541,
      0.07531487941741943,
      0.016986727714538574,
      -0.02352958917617798,
      0.0014979839324951172,
      0.0
    ],
    [
      -0.034628212451934814,
      0.02614116668701172,
      0.025859713554382324,
      0.07531487941741943,
      0.016988396644592285,
      -0.02351236343383789,
      0.0014950037002563477,
      0.0
    ],
    [
      -0.030281901359558105,
      0.04729664325714111,
      0.032822370529174805,
      0.07599830627441406,
      0.02101576328277588,
      -0.001443326473236084,
      0.007823586463928223,
      0.0
    ],
    [
      -0.024053633213043213,
      0.0811927318572998,
      0.06084334850311279,
      0.07587921619415283,
      0.02607440948486328,
      0.030421137809753418,
      0.030034542083740234,
      0.0
    ],
    [
      -0.011832356452941895,
      0.11704933643341064,
      0.09603726863861084,
      0.07589387893676758,
      0.028813719749450684,
      0.05858910083770752,
      0.04881298542022705,
      0.0
    ],
    [
      0.00032699108123779297,
      0.1587209701538086,
      0.14410686492919922,
      0.0747917890548706,
      0.029137015342712402,
      0.09374690055847168,
      0.07353806495666504,
      0.0
    ],
    [
      0.021856188774108887,
      0.20535707473754883,
      0.19820868968963623,
      0.0706559419631958,
      0.029854178428649902,
      0.14419043064117432,
      0.08783018589019775,
      0.0
    ],
    [
      0.043651700019836426,
      0.28095996379852295,
      0.2719024419784546,
      0.07959222793579102,
      0.023897767066955566,
      0.18105614185333252,
      0.11384570598602295,
      0.0
    ],
    [
      0.06753253936767578,
      0.34451305866241455,
      0.32486534118652344,
      0.0864936113357544,
      0.03105485439300537,
      0.23097634315490723,
      0.13137245178222656,
      0.0
    ],
    [
      0.09550940990447998,
      0.4103318452835083,
      0.38548827171325684,
      0.09456133842468262,
      0.03354084491729736,
      0.27693498134613037,
      0.1486893892288208,
      0.0
    ],
    [
      0.12479007244110107,
      0.47775423526763916,
      0.45062685012817383,
      0.10405194759368896,
      0.028252720832824707,
      0.3299593925476074,
      0.16768360137939453,
      0.0
    ],
    [
      0.1451021432876587,
      0.5472428798675537,
      0.528572678565979,
      0.11219155788421631,
      0.012126445770263672,
      0.39282822608947754,
      0.2087407112121582,
      0.0
    ],
    [
      0.16585886478424072,
      0.6156826019287109,
      0.6101282835006714,
      0.11627590656280518,
      -0.008222639560699463,
      0.46334052085876465,
      0.2611873149871826,
      0.0
    ],
    [
      0.1904768943786621,
      0.6879903078079224,
      0.6834701299667358,
      0.12318289279937744,
      -0.01979053020477295,
      0.5398170948028564,
      0.3153470754623413,
      0.0
    ]
  ],
  "ext_image": "examples/example_5_ext.png",
  "wrist_image": "examples/example_5_wrist.png"
}