{
  "caption": "Remove the lid from the black pot and put it on the blue pot",
  "actions_shape": [
    31,
    8
  ],
  "non_padding_steps": 31,
  "padding_value": -5.0,
  "history_length": 31,
  "actions": [
    [
      -0.04823273420333862,
      -0.013968348503112793,
      -0.029644668102264404,
      0.07602095603942871,
      -0.041900813579559326,
      -0.0581701397895813,
      0.05110454559326172,
      1.0
    ],
    [
      -0.03713667392730713,
      -0.006169915199279785,
      -0.02245563268661499,
      0.08297872543334961,
      -0.04198414087295532,
      -0.06043452024459839,
      0.047202348709106445,
      1.0
    ],
    [
      -0.026458561420440674,
      0.0009796619415283203,
      -0.01659935712814331,
      0.08990943431854248,
      -0.04331463575363159,
      -0.0606423020362854,
      0.04300546646118164,
      1.0
    ],
    [
      -0.017785727977752686,
      0.008347272872924805,
      -0.010167539119720459,
      0.09775710105895996,
      -0.04257625341415405,
      -0.06227296590805054,
      0.038147807121276855,
      1.0
    ],
    [
      -0.009141027927398682,
      0.01442873477935791,
      -0.005945801734924316,
      0.10377204418182373,
      -0.04208672046661377,
      -0.06239128112792969,
      0.03546333312988281,
      1.0
    ],
    [
      -0.0023232102394104004,
      0.020673632621765137,
      -0.0009278059005737305,
      0.1103208065032959,
      -0.04127514362335205,
      -0.06435728073120117,
      0.03153634071350098,
      1.0
    ],
    [
      0.0034410953521728516,
      0.024204134941101074,
      0.004493355751037598,
      0.11352145671844482,
      -0.04067486524581909,
      -0.06542807817459106,
      0.028759121894836426,
      1.0
    ],
    [
      0.008607268333435059,
      0.027924418449401855,
      0.006894469261169434,
      0.1170891523361206,
      -0.041028380393981934,
      -0.0666656494140625,
      0.026351213455200195,
      1.0
    ],
    [
      0.011564135551452637,
      0.034036874771118164,
      0.006103157997131348,
      0.12327361106872559,
      -0.04125010967254639,
      -0.07001787424087524,
      0.02377176284790039,
      1.0
    ],
    [
      0.012496471405029297,
      0.0391240119934082,
      0.005068063735961914,
      0.12799525260925293,
      -0.040682196617126465,
      -0.0722929835319519,
      0.020925283432006836,
      1.0
    ],
    [
      0.011214137077331543,
      0.04616820812225342,
      0.004511237144470215,
      0.13510680198669434,
      -0.03897053003311157,
      -0.07533454895019531,
      0.01748955249786377,
      1.0
    ],
    [
      0.008593559265136719,
      0.054749369621276855,
      0.004631996154785156,
      0.14370977878570557,
      -0.03714179992675781,
      -0.07685571908950806,
      0.012772798538208008,
      1.0
    ],
    [
      0.0069844722747802734,
      0.065299391746521,
      0.003410935401916504,
      0.15350842475891113,
      -0.03699195384979248,
      -0.08196020126342773,
      0.007339954376220703,
      1.0
    ],
    [
      0.00647425651550293,
      0.07500207424163818,
      0.0016573667526245117,
      0.16284656524658203,
      -0.03686940670013428,
      -0.08529579639434814,
      0.003522157669067383,
      1.0
    ],
    [
      0.004236340522766113,
      0.08510375022888184,
      0.0023070573806762695,
      0.1731353998184204,
      -0.03507131338119507,
      -0.08923256397247314,
      -0.002281665802001953,
      1.0
    ],
    [
      0.0041866302490234375,
      0.09437096118927002,
      0.002428293228149414,
      0.1829739809036255,
      -0.03402072191238403,
      -0.09290164709091187,
      -0.0059746503829956055,
      1.0
    ],
    [
      0.005842685699462891,
      0.10527729988098145,
      0.0018085241317749023,
      0.1983264684677124,
      -0.03369140625,
      -0.1009475588798523,
      -0.00903177261352539,
      1.0
    ],
    [
      0.006790518760681152,
      0.11412835121154785,
      0.0017216205596923828,
      0.20974433422088623,
      -0.03310549259185791,
      -0.10582870244979858,
      -0.012421846389770508,
      1.0
    ],
    [
      0.007787227630615234,
      0.11991763114929199,
      0.0013420581817626953,
      0.21925079822540283,
      -0.03322321176528931,
      -0.10960906744003296,
      -0.01589679718017578,
      1.0
    ],
    [
      0.0075255632400512695,
      0.12649142742156982,
      0.0015236139297485352,
      0.23217487335205078,
      -0.032083094120025635,
      -0.11642736196517944,
      -0.019632995128631592,
      1.0
    ],
    [
      0.006752967834472656,
      0.1332991123199463,
      0.0015143156051635742,
      0.2446984052658081,
      -0.030758798122406006,
      -0.1252826452255249,
      -0.022485315799713135,
      1.0
    ],
    [
      0.00545954704284668,
      0.14068424701690674,
      0.0030755996704101562,
      0.25739824771881104,
      -0.028167307376861572,
      -0.1339671015739441,
      -0.025553882122039795,
      1.0
    ],
    [
      0.005450248718261719,
      0.14701902866363525,
      0.003998875617980957,
      0.26828062534332275,
      -0.02676337957382202,
      -0.1422765851020813,
      -0.027005791664123535,
      1.0
    ],
    [
      0.005890369415283203,
      0.1531890630722046,
      0.005586385726928711,
      0.27953386306762695,
      -0.025102317333221436,
      -0.15221893787384033,
      -0.027525722980499268,
      1.0
    ],
    [
      0.005947709083557129,
      0.15768694877624512,
      0.008247137069702148,
      0.28801095485687256,
      -0.023001909255981445,
      -0.1573163866996765,
      -0.02846360206604004,
      1.0
    ],
    [
      0.006802082061767578,
      0.1623060703277588,
      0.011676430702209473,
      0.2943350076675415,
      -0.02030736207962036,
      -0.16069376468658447,
      -0.028853952884674072,
      1.0
    ],
    [
      0.0066825151443481445,
      0.1664499044418335,
      0.017777323722839355,
      0.2979680299758911,
      -0.01532679796218872,
      -0.16324102878570557,
      -0.02936875820159912,
      1.0
    ],
    [
      0.008677005767822266,
      0.17076241970062256,
      0.021396160125732422,
      0.29907941818237305,
      -0.013449251651763916,
      -0.16270005702972412,
      -0.028651893138885498,
      1.0
    ],
    [
      0.008053898811340332,
      0.1748131513595581,
      0.027579307556152344,
      0.30234062671661377,
      -0.00833141803741455,
      -0.16610771417617798,
      -0.028231322765350342,
      1.0
    ],
    [
      0.008167743682861328,
      0.1784038543701172,
      0.03462517261505127,
      0.303979754447937,
      -0.002500772476196289,
      -0.1694200038909912,
      -0.02549278736114502,
      1.0
    ],
    [
      0.008013129234313965,
      0.18126749992370605,
      0.04152107238769531,
      0.30412542819976807,
      0.0010398626327514648,
      -0.1718367338180542,
      -0.02581733465194702,
      1.0
    ]
  ],
  "ext_image": "examples/example_8_ext.png",
  "wrist_image": "examples/example_8_wrist.png"
}