{
  "caption": "Move the black pan to the left",
  "actions_shape": [
    31,
    8
  ],
  "non_padding_steps": 31,
  "padding_value": -5.0,
  "history_length": 31,
  "actions": [
    [
      0.01217663288116455,
      -0.0692259669303894,
      0.002773761749267578,
      -0.05932527780532837,
      -0.032093703746795654,
      0.08658385276794434,
      0.039357900619506836,
      0.0
    ],
    [
      0.015083074569702148,
      -0.0507657527923584,
      0.003931879997253418,
      -0.034929633140563965,
      -0.0332409143447876,
      0.06578361988067627,
      0.037645578384399414,
      0.0
    ],
    [
      0.015107035636901855,
      -0.03557699918746948,
      0.005160689353942871,
      -0.014844119548797607,
      -0.03349560499191284,
      0.04790234565734863,
      0.03591179847717285,
      0.0
    ],
    [
      0.016155719757080078,
      -0.02142399549484253,
      0.005267739295959473,
      0.0047408342361450195,
      -0.03415888547897339,
      0.03222858905792236,
      0.03482341766357422,
      0.0
    ],
    [
      0.01548755168914795,
      -0.00948190689086914,
      0.006963133811950684,
      0.022766470909118652,
      -0.03354686498641968,
      0.015195131301879883,
      0.03250622749328613,
      0.0
    ],
    [
      0.015101194381713867,
      0.0020241737365722656,
      0.0064580440521240234,
      0.0407564640045166,
      -0.03411048650741577,
      0.0021730661392211914,
      0.030382990837097168,
      0.0
    ],
    [
      0.014602422714233398,
      0.01409459114074707,
      0.005915999412536621,
      0.05842697620391846,
      -0.03397798538208008,
      -0.010966241359710693,
      0.030359268188476562,
      0.0
    ],
    [
      0.012691855430603027,
      0.024706363677978516,
      0.005539298057556152,
      0.07612526416778564,
      -0.03336608409881592,
      -0.02389085292816162,
      0.029387354850769043,
      0.0
    ],
    [
      0.01210641860961914,
      0.035477638244628906,
      0.005556821823120117,
      0.09420239925384521,
      -0.03316628932952881,
      -0.03724992275238037,
      0.02800428867340088,
      0.0
    ],
    [
      0.010506868362426758,
      0.04526627063751221,
      0.00499570369720459,
      0.10960626602172852,
      -0.0322113037109375,
      -0.04784804582595825,
      0.028474092483520508,
      1.0
    ],
    [
      0.0105363130569458,
      0.05319333076477051,
      0.00426483154296875,
      0.12546920776367188,
      -0.03205573558807373,
      -0.05904573202133179,
      0.028351306915283203,
      1.0
    ],
    [
      0.012716293334960938,
      0.061102986335754395,
      0.003577589988708496,
      0.14112603664398193,
      -0.032403409481048584,
      -0.06918388605117798,
      0.028679609298706055,
      1.0
    ],
    [
      0.017864108085632324,
      0.06696772575378418,
      0.001435995101928711,
      0.15430521965026855,
      -0.034687936305999756,
      -0.0794174075126648,
      0.02938365936279297,
      1.0
    ],
    [
      0.028923988342285156,
      0.07160627841949463,
      -0.0009266138076782227,
      0.16617846488952637,
      -0.03929591178894043,
      -0.0891994833946228,
      0.03057265281677246,
      1.0
    ],
    [
      0.0403439998626709,
      0.07570433616638184,
      -0.003639042377471924,
      0.1770402193069458,
      -0.04417121410369873,
      -0.09807932376861572,
      0.031060099601745605,
      1.0
    ],
    [
      0.05903911590576172,
      0.08124053478240967,
      -0.0027621984481811523,
      0.1868579387664795,
      -0.04874467849731445,
      -0.10792112350463867,
      0.04077184200286865,
      1.0
    ],
    [
      0.08049511909484863,
      0.08728539943695068,
      -0.007422149181365967,
      0.1960151195526123,
      -0.06275653839111328,
      -0.11504209041595459,
      0.038079261779785156,
      1.0
    ],
    [
      0.10300230979919434,
      0.09475135803222656,
      -0.007402241230010986,
      0.20490455627441406,
      -0.07280272245407104,
      -0.12460523843765259,
      0.038170456886291504,
      1.0
    ],
    [
      0.12222790718078613,
      0.09983980655670166,
      -0.007264375686645508,
      0.21068227291107178,
      -0.08190798759460449,
      -0.1301107406616211,
      0.03655076026916504,
      1.0
    ],
    [
      0.14326143264770508,
      0.10706973075866699,
      -0.0024797916412353516,
      0.21856749057769775,
      -0.08913522958755493,
      -0.14049917459487915,
      0.032480835914611816,
      1.0
    ],
    [
      0.16382110118865967,
      0.11393237113952637,
      -0.001910865306854248,
      0.22698724269866943,
      -0.09677201509475708,
      -0.14788079261779785,
      0.030002355575561523,
      1.0
    ],
    [
      0.1839052438735962,
      0.11997079849243164,
      0.0020074844360351562,
      0.2336183786392212,
      -0.1035928726196289,
      -0.1541886329650879,
      0.024739384651184082,
      1.0
    ],
    [
      0.21088016033172607,
      0.11123132705688477,
      -0.017865002155303955,
      0.2206432819366455,
      -0.09776633977890015,
      -0.14578723907470703,
      0.013349771499633789,
      1.0
    ],
    [
      0.22838842868804932,
      0.11031937599182129,
      -0.018842875957489014,
      0.22217953205108643,
      -0.1006476879119873,
      -0.1462385058403015,
      0.005254387855529785,
      1.0
    ],
    [
      0.24478352069854736,
      0.10627591609954834,
      -0.021804749965667725,
      0.22020161151885986,
      -0.10192781686782837,
      -0.14139217138290405,
      -0.0037973523139953613,
      1.0
    ],
    [
      0.2583937644958496,
      0.1028146743774414,
      -0.02505284547805786,
      0.21891438961029053,
      -0.1025659441947937,
      -0.13884764909744263,
      -0.010803520679473877,
      1.0
    ],
    [
      0.2684589624404907,
      0.09704601764678955,
      -0.024170994758605957,
      0.21553337574005127,
      -0.10070854425430298,
      -0.13519948720932007,
      -0.018252432346343994,
      1.0
    ],
    [
      0.2798701524734497,
      0.09119105339050293,
      -0.02488011121749878,
      0.2117609977722168,
      -0.10141551494598389,
      -0.1306997537612915,
      -0.02564549446105957,
      1.0
    ],
    [
      0.29281532764434814,
      0.0872805118560791,
      -0.026388168334960938,
      0.20913422107696533,
      -0.10313594341278076,
      -0.1265900731086731,
      -0.03208804130554199,
      1.0
    ],
    [
      0.30502641201019287,
      0.08481490612030029,
      -0.02797478437423706,
      0.20795345306396484,
      -0.10417699813842773,
      -0.12509793043136597,
      -0.03772622346878052,
      1.0
    ],
    [
      0.3189162015914917,
      0.08311617374420166,
      -0.030865848064422607,
      0.20679092407226562,
      -0.10648024082183838,
      -0.12372946739196777,
      -0.0425337553024292,
      1.0
    ]
  ],
  "ext_image": "examples/example_6_ext.png",
  "wrist_image": "examples/example_6_wrist.png"
}