{
  "caption": "Move the black pan to the left",
  "actions_shape": [
    31,
    8
  ],
  "non_padding_steps": 31,
  "padding_value": -5.0,
  "history_length": 31,
  "actions": [
    [
      0.038303494453430176,
      0.014700055122375488,
      -0.03645092248916626,
      0.10113906860351562,
      -0.03322046995162964,
      -0.04498171806335449,
      0.011058926582336426,
      1.0
    ],
    [
      0.03847551345825195,
      0.016312122344970703,
      -0.03428012132644653,
      0.10183954238891602,
      -0.032579898834228516,
      -0.04664820432662964,
      0.007855534553527832,
      1.0
    ],
    [
      0.04004216194152832,
      0.01809847354888916,
      -0.035534024238586426,
      0.10275137424468994,
      -0.03373265266418457,
      -0.04738897085189819,
      0.007463216781616211,
      1.0
    ],
    [
      0.04040956497192383,
      0.01880466938018799,
      -0.03510361909866333,
      0.10298037528991699,
      -0.03338062763214111,
      -0.04746127128601074,
      0.007075786590576172,
      1.0
    ],
    [
      0.04080319404602051,
      0.019298672676086426,
      -0.03506171703338623,
      0.10312855243682861,
      -0.03328549861907959,
      -0.047786831855773926,
      0.006510138511657715,
      1.0
    ],
    [
      0.040815114974975586,
      0.019533991813659668,
      -0.03492569923400879,
      0.10334241390228271,
      -0.032829105854034424,
      -0.047988176345825195,
      0.006641507148742676,
      1.0
    ],
    [
      0.03984403610229492,
      0.019641995429992676,
      -0.03485912084579468,
      0.10309791564941406,
      -0.03231072425842285,
      -0.047719717025756836,
      0.006548643112182617,
      1.0
    ],
    [
      0.03870975971221924,
      0.019626140594482422,
      -0.034714341163635254,
      0.10314047336578369,
      -0.031632959842681885,
      -0.04767036437988281,
      0.006728649139404297,
      1.0
    ],
    [
      0.036920785903930664,
      0.019564270973205566,
      -0.03438389301300049,
      0.10325348377227783,
      -0.030608713626861572,
      -0.04781699180603027,
      0.007313251495361328,
      1.0
    ],
    [
      0.03521418571472168,
      0.01939535140991211,
      -0.03419899940490723,
      0.10298454761505127,
      -0.029926955699920654,
      -0.04746884107589722,
      0.0074356794357299805,
      1.0
    ],
    [
      0.033017516136169434,
      0.019254565238952637,
      -0.03425633907318115,
      0.10270416736602783,
      -0.029264628887176514,
      -0.047067105770111084,
      0.007544279098510742,
      1.0
    ],
    [
      0.0310591459274292,
      0.019460201263427734,
      -0.03437620401382446,
      0.10291397571563721,
      -0.02878183126449585,
      -0.047233521938323975,
      0.007343769073486328,
      1.0
    ],
    [
      0.024086356163024902,
      0.02031528949737549,
      -0.02678048610687256,
      0.10322952270507812,
      -0.0229874849319458,
      -0.05252861976623535,
      0.0019685029983520508,
      1.0
    ],
    [
      0.022351980209350586,
      0.02166283130645752,
      -0.023025155067443848,
      0.10271215438842773,
      -0.02088916301727295,
      -0.055325984954833984,
      -0.0007171034812927246,
      1.0
    ],
    [
      0.028299331665039062,
      0.025621771812438965,
      -0.026278257369995117,
      0.10073626041412354,
      -0.025479674339294434,
      -0.05435055494308472,
      -0.0012548565864562988,
      1.0
    ],
    [
      0.033330321311950684,
      0.028676390647888184,
      -0.027730345726013184,
      0.09958243370056152,
      -0.028449177742004395,
      -0.05403792858123779,
      -0.0021438002586364746,
      1.0
    ],
    [
      0.038933396339416504,
      0.03271186351776123,
      -0.025555133819580078,
      0.09782099723815918,
      -0.029397428035736084,
      -0.05593663454055786,
      -0.00524824857711792,
      1.0
    ],
    [
      0.045465826988220215,
      0.036092400550842285,
      -0.024785995483398438,
      0.09534847736358643,
      -0.03165864944458008,
      -0.05660438537597656,
      -0.009045898914337158,
      1.0
    ],
    [
      0.05054283142089844,
      0.03992950916290283,
      -0.018632590770721436,
      0.09205400943756104,
      -0.030653417110443115,
      -0.060204923152923584,
      -0.017946243286132812,
      1.0
    ],
    [
      0.05749821662902832,
      0.04373013973236084,
      -0.01695472002029419,
      0.08943939208984375,
      -0.03205215930938721,
      -0.06121617555618286,
      -0.02599477767944336,
      1.0
    ],
    [
      0.0670316219329834,
      0.04828953742980957,
      -0.014361917972564697,
      0.08432662487030029,
      -0.0337677001953125,
      -0.06400156021118164,
      -0.03891068696975708,
      1.0
    ],
    [
      0.07713031768798828,
      0.053547024726867676,
      -0.01564842462539673,
      0.08209776878356934,
      -0.035813748836517334,
      -0.06408566236495972,
      -0.04776829481124878,
      1.0
    ],
    [
      0.0881117582321167,
      0.058895230293273926,
      -0.015884578227996826,
      0.07939255237579346,
      -0.037135541439056396,
      -0.06478762626647949,
      -0.0590474009513855,
      1.0
    ],
    [
      0.09789323806762695,
      0.06355249881744385,
      -0.015673339366912842,
      0.0778576135635376,
      -0.03721219301223755,
      -0.06658744812011719,
      -0.07025164365768433,
      1.0
    ],
    [
      0.10962235927581787,
      0.06740272045135498,
      -0.020636320114135742,
      0.07707011699676514,
      -0.039925336837768555,
      -0.06662905216217041,
      -0.07771527767181396,
      1.0
    ],
    [
      0.11664676666259766,
      0.06902742385864258,
      -0.022008895874023438,
      0.07827591896057129,
      -0.03915947675704956,
      -0.06732714176177979,
      -0.08827310800552368,
      1.0
    ],
    [
      0.12240755558013916,
      0.06774342060089111,
      -0.02469801902770996,
      0.07868921756744385,
      -0.038846373558044434,
      -0.06777584552764893,
      -0.09603345394134521,
      1.0
    ],
    [
      0.12746179103851318,
      0.06787741184234619,
      -0.02710360288619995,
      0.07916378974914551,
      -0.03844606876373291,
      -0.06762886047363281,
      -0.10226309299468994,
      1.0
    ],
    [
      0.13025915622711182,
      0.06778013706207275,
      -0.028270840644836426,
      0.07943534851074219,
      -0.037525713443756104,
      -0.06851643323898315,
      -0.10880887508392334,
      1.0
    ],
    [
      0.13301122188568115,
      0.06702733039855957,
      -0.03008931875228882,
      0.07828116416931152,
      -0.03852558135986328,
      -0.06849908828735352,
      -0.11543357372283936,
      1.0
    ],
    [
      0.13531434535980225,
      0.06677508354187012,
      -0.03222918510437012,
      0.07750725746154785,
      -0.03925621509552002,
      -0.06907165050506592,
      -0.11833232641220093,
      1.0
    ]
  ],
  "ext_image": "examples/example_4_ext.png",
  "wrist_image": "examples/example_4_wrist.png"
}