{
  "caption": "Use the towel to wipe the counter.",
  "actions_shape": [
    31,
    8
  ],
  "non_padding_steps": 31,
  "padding_value": -5.0,
  "history_length": 31,
  "actions": [
    [
      -0.35436373949050903,
      0.27338266372680664,
      0.40528273582458496,
      0.139601469039917,
      0.2268359661102295,
      0.002307415008544922,
      -0.24058067798614502,
      1.0
    ],
    [
      -0.33852440118789673,
      0.24614667892456055,
      0.38653087615966797,
      0.12965679168701172,
      0.21371924877166748,
      -0.008135199546813965,
      -0.23030203580856323,
      1.0
    ],
    [
      -0.3176635503768921,
      0.2295846939086914,
      0.3618612289428711,
      0.1239919662475586,
      0.2006669044494629,
      -0.01363527774810791,
      -0.2184666395187378,
      1.0
    ],
    [
      -0.2834508419036865,
      0.20086228847503662,
      0.32463085651397705,
      0.10682487487792969,
      0.1831374168395996,
      -0.005707740783691406,
      -0.196316659450531,
      0.0
    ],
    [
      -0.25071579217910767,
      0.17457163333892822,
      0.29158544540405273,
      0.09140753746032715,
      0.16885662078857422,
      -0.001983165740966797,
      -0.17465966939926147,
      0.0
    ],
    [
      -0.2193586826324463,
      0.15122079849243164,
      0.2592579126358032,
      0.07619750499725342,
      0.15982401371002197,
      0.004697918891906738,
      -0.15329205989837646,
      0.0
    ],
    [
      -0.17809003591537476,
      0.12465238571166992,
      0.2156999111175537,
      0.059587955474853516,
      0.1448531150817871,
      0.011553168296813965,
      -0.1242714524269104,
      0.0
    ],
    [
      -0.1395091414451599,
      0.09452259540557861,
      0.1761249303817749,
      0.04042220115661621,
      0.12700366973876953,
      0.0267409086227417,
      -0.10249942541122437,
      0.0
    ],
    [
      -0.0944109559059143,
      0.06522226333618164,
      0.1263505220413208,
      0.026470422744750977,
      0.09855377674102783,
      0.03015601634979248,
      -0.06952184438705444,
      0.0
    ],
    [
      -0.05584132671356201,
      0.04266011714935303,
      0.08191001415252686,
      0.02015697956085205,
      0.06931471824645996,
      0.03248131275177002,
      -0.03849261999130249,
      0.0
    ],
    [
      -0.018758416175842285,
      0.018444418907165527,
      0.04079413414001465,
      0.01764655113220215,
      0.03914690017700195,
      0.018494606018066406,
      -0.004519343376159668,
      0.0
    ],
    [
      0.02130568027496338,
      -0.00926905870437622,
      -0.006430923938751221,
      0.014776110649108887,
      0.003012418746948242,
      0.004881381988525391,
      0.03627669811248779,
      0.0
    ],
    [
      0.057507991790771484,
      -0.03432828187942505,
      -0.048546552658081055,
      0.016369342803955078,
      -0.03092294931411743,
      -0.028310179710388184,
      0.08120191097259521,
      0.0
    ],
    [
      0.09845936298370361,
      -0.06345194578170776,
      -0.09467273950576782,
      0.017793774604797363,
      -0.07044512033462524,
      -0.08890384435653687,
      0.13262546062469482,
      0.0
    ],
    [
      0.12332379817962646,
      -0.09129613637924194,
      -0.11576056480407715,
      0.017534732818603516,
      -0.09962272644042969,
      -0.154837965965271,
      0.1761549711227417,
      0.0
    ],
    [
      0.15852200984954834,
      -0.12074977159500122,
      -0.14730596542358398,
      0.01792895793914795,
      -0.13448578119277954,
      -0.24607700109481812,
      0.24293506145477295,
      0.0
    ],
    [
      0.17379117012023926,
      -0.14795923233032227,
      -0.14753830432891846,
      0.017776966094970703,
      -0.16271156072616577,
      -0.33980780839920044,
      0.28686022758483887,
      0.0
    ],
    [
      0.19185256958007812,
      -0.17722493410110474,
      -0.14709925651550293,
      0.011345863342285156,
      -0.19939875602722168,
      -0.4417009949684143,
      0.33874213695526123,
      0.0
    ],
    [
      0.18674111366271973,
      -0.20600998401641846,
      -0.11410713195800781,
      0.0025339126586914062,
      -0.22440654039382935,
      -0.5359857082366943,
      0.36794471740722656,
      0.0
    ],
    [
      0.16704237461090088,
      -0.2344733476638794,
      -0.06668460369110107,
      -0.013024747371673584,
      -0.2346859574317932,
      -0.6095515489578247,
      0.38479459285736084,
      0.0
    ],
    [
      0.13600492477416992,
      -0.2646988034248352,
      -0.006978034973144531,
      -0.03329509496688843,
      -0.22217100858688354,
      -0.6779800057411194,
      0.3913543224334717,
      0.0
    ],
    [
      0.10265016555786133,
      -0.28741180896759033,
      0.05124223232269287,
      -0.05217468738555908,
      -0.19237947463989258,
      -0.7372337579727173,
      0.38961589336395264,
      0.0
    ],
    [
      0.10265016555786133,
      -0.28741180896759033,
      0.05124223232269287,
      -0.05217468738555908,
      -0.19237947463989258,
      -0.7372337579727173,
      0.38961589336395264,
      0.0
    ],
    [
      0.10265016555786133,
      -0.28741180896759033,
      0.05124223232269287,
      -0.05217468738555908,
      -0.19237947463989258,
      -0.7372337579727173,
      0.38961589336395264,
      0.0
    ],
    [
      0.10265016555786133,
      -0.28741180896759033,
      0.05124223232269287,
      -0.05217468738555908,
      -0.19237947463989258,
      -0.7372337579727173,
      0.38961589336395264,
      0.0
    ],
    [
      0.10265016555786133,
      -0.28741180896759033,
      0.05124223232269287,
      -0.05217468738555908,
      -0.19237947463989258,
      -0.7372337579727173,
      0.38961589336395264,
      0.0
    ],
    [
      0.10265016555786133,
      -0.28741180896759033,
      0.05124223232269287,
      -0.05217468738555908,
      -0.19237947463989258,
      -0.7372337579727173,
      0.38961589336395264,
      0.0
    ],
    [
      0.10265016555786133,
      -0.28741180896759033,
      0.05124223232269287,
      -0.05217468738555908,
      -0.19237947463989258,
      -0.7372337579727173,
      0.38961589336395264,
      0.0
    ],
    [
      0.10265016555786133,
      -0.28741180896759033,
      0.05124223232269287,
      -0.05217468738555908,
      -0.19237947463989258,
      -0.7372337579727173,
      0.38961589336395264,
      0.0
    ],
    [
      0.10265016555786133,
      -0.28741180896759033,
      0.05124223232269287,
      -0.05217468738555908,
      -0.19237947463989258,
      -0.7372337579727173,
      0.38961589336395264,
      0.0
    ],
    [
      0.10265016555786133,
      -0.28741180896759033,
      0.05124223232269287,
      -0.05217468738555908,
      -0.19237947463989258,
      -0.7372337579727173,
      0.38961589336395264,
      0.0
    ]
  ],
  "ext_image": "examples/example_1_ext.png",
  "wrist_image": "examples/example_1_wrist.png"
}