{
  "caption": "Move the black pan to the left",
  "actions_shape": [
    31,
    8
  ],
  "non_padding_steps": 31,
  "padding_value": -5.0,
  "history_length": 31,
  "actions": [
    [
      1.2360427379608154,
      -0.0059427618980407715,
      -1.3340678215026855,
      -0.28185027837753296,
      0.9922611713409424,
      -0.2893258333206177,
      -0.3563914895057678,
      0.0
    ],
    [
      1.1546978950500488,
      0.04935300350189209,
      -1.277228593826294,
      -0.21188682317733765,
      0.9854066371917725,
      -0.28357207775115967,
      -0.3495994210243225,
      0.0
    ],
    [
      0.8601402044296265,
      0.016627073287963867,
      -0.9727609753608704,
      -0.16183578968048096,
      0.8018379211425781,
      -0.18691903352737427,
      -0.2558494210243225,
      0.0
    ],
    [
      0.7375096082687378,
      0.037297964096069336,
      -0.8568519949913025,
      -0.10526657104492188,
      0.7190370559692383,
      -0.15431028604507446,
      -0.227819561958313,
      0.0
    ],
    [
      0.5784810781478882,
      0.040787696838378906,
      -0.6863797903060913,
      -0.06312018632888794,
      0.604361891746521,
      -0.10976290702819824,
      -0.1881282925605774,
      0.0
    ],
    [
      0.41874706745147705,
      0.03292107582092285,
      -0.5073606371879578,
      -0.032915711402893066,
      0.45944154262542725,
      -0.06095921993255615,
      -0.13761401176452637,
      0.0
    ],
    [
      0.3149104118347168,
      0.03336775302886963,
      -0.38850778341293335,
      -0.006350040435791016,
      0.3493596315383911,
      -0.03885483741760254,
      -0.1018303632736206,
      0.0
    ],
    [
      0.21587073802947998,
      0.029872894287109375,
      -0.2693525552749634,
      0.01330411434173584,
      0.23647570610046387,
      -0.015801668167114258,
      -0.06456178426742554,
      0.0
    ],
    [
      0.14331138134002686,
      0.03321409225463867,
      -0.1844809651374817,
      0.03716611862182617,
      0.15566027164459229,
      -0.011090636253356934,
      -0.03486675024032593,
      0.0
    ],
    [
      0.0762174129486084,
      0.037323713302612305,
      -0.10637354850769043,
      0.06188070774078369,
      0.08546149730682373,
      -0.013805389404296875,
      -0.00819772481918335,
      0.0
    ],
    [
      0.027202248573303223,
      0.040418267250061035,
      -0.04481762647628784,
      0.08062362670898438,
      0.029410362243652344,
      -0.017418265342712402,
      0.013553738594055176,
      0.0
    ],
    [
      -0.008204758167266846,
      0.04168832302093506,
      0.00690007209777832,
      0.09597229957580566,
      -0.016978800296783447,
      -0.021566927433013916,
      0.03496396541595459,
      0.0
    ],
    [
      -0.035812556743621826,
      0.041860222816467285,
      0.051671743392944336,
      0.11131489276885986,
      -0.05393493175506592,
      -0.034348249435424805,
      0.05561017990112305,
      0.0
    ],
    [
      -0.04627722501754761,
      0.041506290435791016,
      0.07940888404846191,
      0.12217295169830322,
      -0.08927398920059204,
      -0.03825658559799194,
      0.0793079137802124,
      0.0
    ],
    [
      -0.04558831453323364,
      0.042789459228515625,
      0.09932529926300049,
      0.1394200325012207,
      -0.11775732040405273,
      -0.05842232704162598,
      0.11316585540771484,
      0.0
    ],
    [
      -0.03471165895462036,
      0.04830658435821533,
      0.10595905780792236,
      0.15897583961486816,
      -0.1487497091293335,
      -0.07205188274383545,
      0.1487950086593628,
      0.0
    ],
    [
      -0.009680390357971191,
      0.05586743354797363,
      0.10185790061950684,
      0.1829153299331665,
      -0.18396210670471191,
      -0.09306252002716064,
      0.19113075733184814,
      0.0
    ],
    [
      0.00842428207397461,
      0.0616225004196167,
      0.10731256008148193,
      0.20391440391540527,
      -0.21269094944000244,
      -0.11333173513412476,
      0.22241413593292236,
      0.0
    ],
    [
      0.026072263717651367,
      0.06816184520721436,
      0.11253154277801514,
      0.22503554821014404,
      -0.23853927850723267,
      -0.13601404428482056,
      0.2558246850967407,
      0.0
    ],
    [
      0.04776906967163086,
      0.07490074634552002,
      0.11635315418243408,
      0.24831414222717285,
      -0.2636680603027344,
      -0.16246265172958374,
      0.2871997356414795,
      0.0
    ],
    [
      0.06459808349609375,
      0.0806276798248291,
      0.12272000312805176,
      0.2679462432861328,
      -0.28605037927627563,
      -0.18484139442443848,
      0.31152141094207764,
      0.0
    ],
    [
      0.08763360977172852,
      0.08772015571594238,
      0.1277531385421753,
      0.2904644012451172,
      -0.30696529150009155,
      -0.21108883619308472,
      0.3371237516403198,
      0.0
    ],
    [
      0.10819590091705322,
      0.09584343433380127,
      0.13230788707733154,
      0.3115236759185791,
      -0.3249819278717041,
      -0.23411059379577637,
      0.3583807945251465,
      0.0
    ],
    [
      0.12585675716400146,
      0.10716402530670166,
      0.140081524848938,
      0.3322174549102783,
      -0.33830875158309937,
      -0.25639504194259644,
      0.37489020824432373,
      0.0
    ],
    [
      0.14794230461120605,
      0.12353074550628662,
      0.14507544040679932,
      0.3561246395111084,
      -0.35062509775161743,
      -0.28020209074020386,
      0.39328765869140625,
      0.0
    ],
    [
      0.1650102138519287,
      0.1372218132019043,
      0.15453577041625977,
      0.37560904026031494,
      -0.3585864305496216,
      -0.3027154207229614,
      0.4058372974395752,
      0.0
    ],
    [
      0.18488597869873047,
      0.15074408054351807,
      0.16561567783355713,
      0.394173264503479,
      -0.3644471764564514,
      -0.3234490752220154,
      0.4190857410430908,
      0.0
    ],
    [
      0.20281457901000977,
      0.16321992874145508,
      0.173589825630188,
      0.4123094081878662,
      -0.3697893023490906,
      -0.34170353412628174,
      0.43077635765075684,
      0.0
    ],
    [
      0.22637557983398438,
      0.1761925220489502,
      0.1793147325515747,
      0.4281008243560791,
      -0.3761119246482849,
      -0.3556503653526306,
      0.4434511661529541,
      0.0
    ],
    [
      0.24421751499176025,
      0.18818449974060059,
      0.18523335456848145,
      0.44492995738983154,
      -0.37958258390426636,
      -0.37059587240219116,
      0.45307302474975586,
      0.0
    ],
    [
      0.2669343948364258,
      0.20101726055145264,
      0.18936049938201904,
      0.46098875999450684,
      -0.3859090209007263,
      -0.38535988330841064,
      0.4619326591491699,
      0.0
    ]
  ],
  "ext_image": "examples/example_9_ext.png",
  "wrist_image": "examples/example_9_wrist.png"
}