{
  "caption": "Get the marker from the yellow cup and put it on the table",
  "actions_shape": [
    31,
    8
  ],
  "non_padding_steps": 31,
  "padding_value": -5.0,
  "history_length": 31,
  "actions": [
    [
      -0.0019577741622924805,
      -0.14843571186065674,
      -0.06139320135116577,
      -0.17972880601882935,
      -0.019070446491241455,
      0.21946120262145996,
      0.0384364128112793,
      0.0
    ],
    [
      0.00019609928131103516,
      -0.11861902475357056,
      -0.056427717208862305,
      -0.13318318128585815,
      -0.021870672702789307,
      0.18549692630767822,
      0.048622846603393555,
      0.0
    ],
    [
      0.001571059226989746,
      -0.09001708030700684,
      -0.04929322004318237,
      -0.08791011571884155,
      -0.023136496543884277,
      0.1520078182220459,
      0.05675625801086426,
      0.0
    ],
    [
      0.003124833106994629,
      -0.06751567125320435,
      -0.040646493434906006,
      -0.05034613609313965,
      -0.023065388202667236,
      0.12319421768188477,
      0.06381106376647949,
      0.0
    ],
    [
      0.008114337921142578,
      -0.04812324047088623,
      -0.031158626079559326,
      -0.017718255519866943,
      -0.024745285511016846,
      0.10332870483398438,
      0.06769263744354248,
      0.0
    ],
    [
      0.016358017921447754,
      -0.031009435653686523,
      -0.025418579578399658,
      0.010874271392822266,
      -0.029651999473571777,
      0.08717596530914307,
      0.06988096237182617,
      0.0
    ],
    [
      0.020157217979431152,
      -0.014710187911987305,
      -0.016593098640441895,
      0.038430213928222656,
      -0.0319746732711792,
      0.07041871547698975,
      0.06848597526550293,
      0.0
    ],
    [
      0.02084183692932129,
      0.0008062124252319336,
      -0.00656360387802124,
      0.06419384479522705,
      -0.03337782621383667,
      0.056746602058410645,
      0.06845462322235107,
      0.0
    ],
    [
      0.020995497703552246,
      0.01749587059020996,
      -0.0010394454002380371,
      0.08991646766662598,
      -0.036509692668914795,
      0.039435386657714844,
      0.07140159606933594,
      0.0
    ],
    [
      0.017528653144836426,
      0.03303194046020508,
      0.0031522512435913086,
      0.11269903182983398,
      -0.03886425495147705,
      0.02260589599609375,
      0.07348895072937012,
      0.0
    ],
    [
      0.00826263427734375,
      0.04710555076599121,
      0.01109933853149414,
      0.13354980945587158,
      -0.038678526878356934,
      -0.001580357551574707,
      0.07335221767425537,
      0.0
    ],
    [
      -0.011154711246490479,
      0.06502783298492432,
      0.025831937789916992,
      0.15794241428375244,
      -0.03268158435821533,
      -0.03705728054046631,
      0.07416296005249023,
      0.0
    ],
    [
      -0.027653992176055908,
      0.08308529853820801,
      0.03763437271118164,
      0.1801544427871704,
      -0.027219057083129883,
      -0.07361799478530884,
      0.07588016986846924,
      0.0
    ],
    [
      -0.01798933744430542,
      0.1114501953125,
      0.0027860403060913086,
      0.21586346626281738,
      0.003958582878112793,
      -0.11827594041824341,
      0.07356381416320801,
      0.0
    ],
    [
      -0.025263190269470215,
      0.12964880466461182,
      0.0014705657958984375,
      0.23622381687164307,
      0.007338285446166992,
      -0.14707547426223755,
      0.07619237899780273,
      0.0
    ],
    [
      -0.033581554889678955,
      0.14745795726776123,
      0.003286004066467285,
      0.2590519189834595,
      0.010774731636047363,
      -0.1794620156288147,
      0.0772315263748169,
      0.0
    ],
    [
      -0.0399516224861145,
      0.16323232650756836,
      0.0026655197143554688,
      0.27803516387939453,
      0.01246488094329834,
      -0.2028612494468689,
      0.07859420776367188,
      0.0
    ],
    [
      -0.0458071231842041,
      0.17810094356536865,
      0.0028330087661743164,
      0.2970799207687378,
      0.013657808303833008,
      -0.22467291355133057,
      0.07886672019958496,
      0.0
    ],
    [
      -0.07226526737213135,
      0.17636346817016602,
      0.05002415180206299,
      0.29366207122802734,
      -0.01925712823867798,
      -0.22815346717834473,
      0.0860905647277832,
      0.0
    ],
    [
      -0.07655388116836548,
      0.18606269359588623,
      0.05298340320587158,
      0.30575084686279297,
      -0.021097302436828613,
      -0.2393067479133606,
      0.08739364147186279,
      0.0
    ],
    [
      -0.08234870433807373,
      0.19492089748382568,
      0.0587313175201416,
      0.3186091184616089,
      -0.02099919319152832,
      -0.2504199743270874,
      0.08920466899871826,
      0.0
    ],
    [
      -0.08692455291748047,
      0.20065736770629883,
      0.06412708759307861,
      0.32724320888519287,
      -0.02055150270462036,
      -0.2588936686515808,
      0.09091424942016602,
      0.0
    ],
    [
      -0.09150117635726929,
      0.20622038841247559,
      0.07110440731048584,
      0.3356020450592041,
      -0.020167887210845947,
      -0.26639115810394287,
      0.09238314628601074,
      0.0
    ],
    [
      -0.09552353620529175,
      0.2096799612045288,
      0.0757979154586792,
      0.34307193756103516,
      -0.02013695240020752,
      -0.2755681276321411,
      0.09396278858184814,
      0.0
    ],
    [
      -0.09847813844680786,
      0.21399295330047607,
      0.0782630443572998,
      0.35184240341186523,
      -0.02024543285369873,
      -0.28179019689559937,
      0.09642195701599121,
      0.0
    ],
    [
      -0.10323721170425415,
      0.2173675298690796,
      0.08278000354766846,
      0.3602762222290039,
      -0.01921069622039795,
      -0.289530873298645,
      0.09781599044799805,
      0.0
    ],
    [
      -0.10621458292007446,
      0.22163450717926025,
      0.08534371852874756,
      0.3691534996032715,
      -0.019565880298614502,
      -0.2969015836715698,
      0.10151410102844238,
      0.0
    ],
    [
      -0.11054927110671997,
      0.22647368907928467,
      0.09053254127502441,
      0.3783615827560425,
      -0.01912820339202881,
      -0.3031042218208313,
      0.10461270809173584,
      0.0
    ],
    [
      -0.1143728494644165,
      0.23188531398773193,
      0.09592044353485107,
      0.3873339891433716,
      -0.0192602276802063,
      -0.30711328983306885,
      0.10689258575439453,
      0.0
    ],
    [
      -0.11762094497680664,
      0.23663616180419922,
      0.09991991519927979,
      0.3948928117752075,
      -0.019340574741363525,
      -0.3101957440376282,
      0.10775303840637207,
      0.0
    ],
    [
      -0.11960959434509277,
      0.2396862506866455,
      0.10138571262359619,
      0.40025031566619873,
      -0.02004927396774292,
      -0.3132479190826416,
      0.10905086994171143,
      0.0
    ]
  ],
  "ext_image": "examples/example_2_ext.png",
  "wrist_image": "examples/example_2_wrist.png"
}