{
  "caption": "Move the yellow pen to the right",
  "actions_shape": [
    31,
    8
  ],
  "non_padding_steps": 31,
  "padding_value": -5.0,
  "history_length": 31,
  "actions": [
    [
      -0.26489943265914917,
      -0.025355994701385498,
      0.22398436069488525,
      0.04202580451965332,
      0.21617352962493896,
      -0.15054214000701904,
      -0.3397105932235718,
      0.0
    ],
    [
      -0.25555771589279175,
      -0.005554556846618652,
      0.2147970199584961,
      0.054190874099731445,
      0.2096848487854004,
      -0.12333214282989502,
      -0.32484495639801025,
      0.0
    ],
    [
      -0.24219757318496704,
      0.00910329818725586,
      0.20112133026123047,
      0.0635836124420166,
      0.1974642276763916,
      -0.09120410680770874,
      -0.3018670082092285,
      0.0
    ],
    [
      -0.22861605882644653,
      0.01744675636291504,
      0.18865454196929932,
      0.0692741870880127,
      0.18488383293151855,
      -0.06704354286193848,
      -0.28034281730651855,
      0.0
    ],
    [
      -0.2099515199661255,
      0.021666526794433594,
      0.17537927627563477,
      0.07240736484527588,
      0.17401373386383057,
      -0.045621395111083984,
      -0.2517094612121582,
      0.0
    ],
    [
      -0.1841396689414978,
      0.021799802780151367,
      0.1581282615661621,
      0.0712442398071289,
      0.15826928615570068,
      -0.025884926319122314,
      -0.22009015083312988,
      0.0
    ],
    [
      -0.15776240825653076,
      0.01999199390411377,
      0.14291882514953613,
      0.06955504417419434,
      0.14398300647735596,
      -0.011313974857330322,
      -0.18914800882339478,
      0.0
    ],
    [
      -0.12904036045074463,
      0.019492268562316895,
      0.12660431861877441,
      0.06729316711425781,
      0.12831628322601318,
      0.00222015380859375,
      -0.1566098928451538,
      0.0
    ],
    [
      -0.0915568470954895,
      0.02145969867706299,
      0.0982048511505127,
      0.0669623613357544,
      0.10317516326904297,
      0.012849569320678711,
      -0.11961579322814941,
      0.0
    ],
    [
      -0.06741636991500854,
      0.025093674659729004,
      0.0812385082244873,
      0.0716637372970581,
      0.08537793159484863,
      0.005888223648071289,
      -0.09136962890625,
      0.0
    ],
    [
      -0.018727362155914307,
      0.028267383575439453,
      0.03539681434631348,
      0.07226645946502686,
      0.04688584804534912,
      0.006531953811645508,
      -0.043010056018829346,
      0.0
    ],
    [
      0.024872541427612305,
      0.029073119163513184,
      -0.008285760879516602,
      0.0709846019744873,
      0.011673927307128906,
      0.011238574981689453,
      0.0019943714141845703,
      0.0
    ],
    [
      0.06484448909759521,
      0.029140591621398926,
      -0.05210047960281372,
      0.0698099136352539,
      -0.024499177932739258,
      0.0187150239944458,
      0.04732930660247803,
      0.0
    ],
    [
      0.08706486225128174,
      0.029787659645080566,
      -0.07800734043121338,
      0.07073533535003662,
      -0.046796441078186035,
      0.01907813549041748,
      0.07845664024353027,
      0.0
    ],
    [
      0.11242878437042236,
      0.03011035919189453,
      -0.1075013279914856,
      0.07119560241699219,
      -0.07031738758087158,
      0.02063918113708496,
      0.1091850996017456,
      0.0
    ],
    [
      0.13716065883636475,
      0.028289794921875,
      -0.1304250955581665,
      0.07062721252441406,
      -0.09005683660507202,
      0.021279215812683105,
      0.13637518882751465,
      1.0
    ],
    [
      0.16102290153503418,
      0.027066349983215332,
      -0.14928364753723145,
      0.07072341442108154,
      -0.10629910230636597,
      0.02621328830718994,
      0.15906107425689697,
      1.0
    ],
    [
      0.17713868618011475,
      0.02658212184906006,
      -0.1497131586074829,
      0.07287442684173584,
      -0.11263096332550049,
      0.024920940399169922,
      0.17328345775604248,
      1.0
    ],
    [
      0.17438101768493652,
      0.02808094024658203,
      -0.13048392534255981,
      0.07692110538482666,
      -0.10081827640533447,
      0.020401477813720703,
      0.17208993434906006,
      1.0
    ],
    [
      0.19278013706207275,
      0.029172420501708984,
      -0.13585805892944336,
      0.07975578308105469,
      -0.10622727870941162,
      0.019512176513671875,
      0.18158173561096191,
      1.0
    ],
    [
      0.20103788375854492,
      0.027715325355529785,
      -0.13599252700805664,
      0.0810617208480835,
      -0.10566198825836182,
      0.0203171968460083,
      0.18606793880462646,
      1.0
    ],
    [
      0.19696331024169922,
      0.023398280143737793,
      -0.12858343124389648,
      0.07961225509643555,
      -0.09845340251922607,
      0.02214193344116211,
      0.18238723278045654,
      1.0
    ],
    [
      0.18748915195465088,
      0.01700568199157715,
      -0.12038183212280273,
      0.0764608383178711,
      -0.08910298347473145,
      0.017932534217834473,
      0.17760729789733887,
      1.0
    ],
    [
      0.17303359508514404,
      0.006203413009643555,
      -0.11264657974243164,
      0.0695263147354126,
      -0.07831716537475586,
      0.012500882148742676,
      0.1718900203704834,
      1.0
    ],
    [
      0.16386425495147705,
      -0.0031142234802246094,
      -0.11162912845611572,
      0.06424951553344727,
      -0.0729638934135437,
      0.004060864448547363,
      0.1688765287399292,
      1.0
    ],
    [
      0.15447998046875,
      -0.020953834056854248,
      -0.11448884010314941,
      0.052014946937561035,
      -0.06977713108062744,
      -0.008307099342346191,
      0.16558194160461426,
      1.0
    ],
    [
      0.137658953666687,
      -0.039398789405822754,
      -0.10910660028457642,
      0.03850662708282471,
      -0.061301469802856445,
      -0.018124878406524658,
      0.15557444095611572,
      1.0
    ],
    [
      0.09507465362548828,
      -0.0760374665260315,
      -0.08272385597229004,
      0.017635226249694824,
      -0.03596329689025879,
      -0.07284349203109741,
      0.13139891624450684,
      1.0
    ],
    [
      0.06782126426696777,
      -0.11099982261657715,
      -0.0699579119682312,
      -0.00304335355758667,
      -0.020618677139282227,
      -0.11493390798568726,
      0.11927461624145508,
      1.0
    ],
    [
      0.0436549186706543,
      -0.1590060591697693,
      -0.07280123233795166,
      -0.030841529369354248,
      -0.019902706146240234,
      -0.17761081457138062,
      0.10984516143798828,
      1.0
    ],
    [
      0.010283827781677246,
      -0.20681339502334595,
      -0.06268274784088135,
      -0.05301612615585327,
      -0.01797950267791748,
      -0.24723249673843384,
      0.08968150615692139,
      1.0
    ]
  ],
  "ext_image": "examples/example_7_ext.png",
  "wrist_image": "examples/example_7_wrist.png"
}