{
  "caption": "Pick up the black hair clip and put it in the open drawer",
  "actions_shape": [
    31,
    8
  ],
  "non_padding_steps": 31,
  "padding_value": -5.0,
  "history_length": 31,
  "actions": [
    [
      0.03939259052276611,
      -0.2591801881790161,
      -0.09722238779067993,
      -0.237152099609375,
      0.0323636531829834,
      0.03135883808135986,
      -0.09957051277160645,
      0.0
    ],
    [
      0.027964115142822266,
      -0.22717952728271484,
      -0.07958918809890747,
      -0.19925016164779663,
      0.02412724494934082,
      0.01678001880645752,
      -0.09201931953430176,
      0.0
    ],
    [
      0.015735149383544922,
      -0.19546985626220703,
      -0.06019437313079834,
      -0.16197049617767334,
      0.02115321159362793,
      0.005870461463928223,
      -0.08851015567779541,
      0.0
    ],
    [
      0.009292006492614746,
      -0.16500478982925415,
      -0.04755258560180664,
      -0.12551391124725342,
      0.014293432235717773,
      -0.0004601478576660156,
      -0.07948178052902222,
      0.0
    ],
    [
      -0.0011038780212402344,
      -0.13568806648254395,
      -0.029603540897369385,
      -0.08861899375915527,
      0.016296029090881348,
      -0.014196574687957764,
      -0.07330048084259033,
      0.0
    ],
    [
      -0.014711081981658936,
      -0.10469925403594971,
      -0.007758915424346924,
      -0.04859679937362671,
      0.022865891456604004,
      -0.03168082237243652,
      -0.06751132011413574,
      0.0
    ],
    [
      -0.018232405185699463,
      -0.07633888721466064,
      0.0023632049560546875,
      -0.013782501220703125,
      0.018532276153564453,
      -0.04024362564086914,
      -0.05195808410644531,
      0.0
    ],
    [
      -0.020840227603912354,
      -0.04802143573760986,
      0.013268828392028809,
      0.021356701850891113,
      0.01372671127319336,
      -0.051170289516448975,
      -0.03743773698806763,
      0.0
    ],
    [
      -0.02255934476852417,
      -0.01975083351135254,
      0.022847294807434082,
      0.056125640869140625,
      0.009482383728027344,
      -0.0596081018447876,
      -0.021488845348358154,
      0.0
    ],
    [
      -0.021971583366394043,
      0.009326577186584473,
      0.02802872657775879,
      0.0909109115600586,
      0.003507852554321289,
      -0.06947988271713257,
      4.76837158203125e-05,
      0.0
    ],
    [
      -0.02053278684616089,
      0.036746978759765625,
      0.03208279609680176,
      0.12400400638580322,
      -0.0017272233963012695,
      -0.08142298460006714,
      0.02454972267150879,
      0.0
    ],
    [
      -0.02172529697418213,
      0.06302690505981445,
      0.038486480712890625,
      0.15455389022827148,
      -0.0032257437705993652,
      -0.08714383840560913,
      0.04395890235900879,
      0.0
    ],
    [
      -0.023137986660003662,
      0.09074532985687256,
      0.04548466205596924,
      0.18594014644622803,
      -0.006060004234313965,
      -0.08043348789215088,
      0.05502176284790039,
      0.0
    ],
    [
      -0.026449263095855713,
      0.11820113658905029,
      0.05050957202911377,
      0.21520614624023438,
      -0.0057833194732666016,
      -0.06519901752471924,
      0.07107770442962646,
      0.0
    ],
    [
      -0.025490939617156982,
      0.14435291290283203,
      0.052158474922180176,
      0.24296891689300537,
      -0.012255489826202393,
      -0.05168557167053223,
      0.07967150211334229,
      0.0
    ],
    [
      -0.026754260063171387,
      0.16540956497192383,
      0.05698823928833008,
      0.26556313037872314,
      -0.01368093490600586,
      -0.0471876859664917,
      0.09437775611877441,
      0.0
    ],
    [
      -0.002760589122772217,
      0.1816462278366089,
      0.011294364929199219,
      0.2806086540222168,
      0.012366414070129395,
      -0.029519975185394287,
      0.09832072257995605,
      0.0
    ],
    [
      -0.0040495991706848145,
      0.19713640213012695,
      0.013700604438781738,
      0.2994558811187744,
      0.014205336570739746,
      -0.023722589015960693,
      0.10779869556427002,
      0.0
    ],
    [
      -0.006068170070648193,
      0.21208226680755615,
      0.017073392868041992,
      0.31740736961364746,
      0.017887592315673828,
      -0.015074372291564941,
      0.11614632606506348,
      0.0
    ],
    [
      -0.007636666297912598,
      0.22710955142974854,
      0.022280216217041016,
      0.3355855941772461,
      0.021481871604919434,
      -0.006516754627227783,
      0.12445425987243652,
      0.0
    ],
    [
      -0.0047348737716674805,
      0.23987019062042236,
      0.0211336612701416,
      0.35208117961883545,
      0.01918327808380127,
      0.0013948678970336914,
      0.13366782665252686,
      0.0
    ],
    [
      -0.0005276799201965332,
      0.2528878450393677,
      0.0181124210357666,
      0.3656461238861084,
      0.01597905158996582,
      0.010594367980957031,
      0.1442352533340454,
      0.0
    ],
    [
      0.003570556640625,
      0.2648671865463257,
      0.013405323028564453,
      0.3804914951324463,
      0.011948227882385254,
      0.019052982330322266,
      0.15506291389465332,
      0.0
    ],
    [
      0.0054473876953125,
      0.2767990827560425,
      0.013818740844726562,
      0.3928622007369995,
      0.011054039001464844,
      0.023864269256591797,
      0.16147220134735107,
      0.0
    ],
    [
      0.006853342056274414,
      0.2872908115386963,
      0.014897942543029785,
      0.40391647815704346,
      0.011084318161010742,
      0.029006361961364746,
      0.16911065578460693,
      0.0
    ],
    [
      0.009756207466125488,
      0.2957451343536377,
      0.01488792896270752,
      0.41279613971710205,
      0.010514616966247559,
      0.03527414798736572,
      0.17738854885101318,
      0.0
    ],
    [
      0.013291716575622559,
      0.30674290657043457,
      0.014060378074645996,
      0.42363667488098145,
      0.008256912231445312,
      0.044817566871643066,
      0.1815556287765503,
      0.0
    ],
    [
      0.017044782638549805,
      0.31452441215515137,
      0.012737274169921875,
      0.4305388927459717,
      0.006487488746643066,
      0.05753934383392334,
      0.18425500392913818,
      0.0
    ],
    [
      0.022141218185424805,
      0.32210373878479004,
      0.00740659236907959,
      0.43907976150512695,
      0.0022078752517700195,
      0.07539784908294678,
      0.18592238426208496,
      0.0
    ],
    [
      0.0241854190826416,
      0.32899463176727295,
      0.007530093193054199,
      0.4456179141998291,
      0.0017861127853393555,
      0.09025681018829346,
      0.18698632717132568,
      0.0
    ],
    [
      0.026358842849731445,
      0.33534812927246094,
      0.0048487186431884766,
      0.4509967565536499,
      -6.276369094848633e-05,
      0.11162126064300537,
      0.1880931854248047,
      0.0
    ]
  ],
  "ext_image": "examples/example_0_ext.png",
  "wrist_image": "examples/example_0_wrist.png"
}